,School_name,School,Province,Year,Type,Spname,Max,Min,Average,Min_section,Info,Level1_name,Level2_name,Level3_name,Zslx_name,Local_batch_name,Sg_info,Sg_xuanke
0,复旦大学,132,54,2021,文科,中国语言文学类,0,632,0,0,无,本科,文学,中国语言文学类,普通类,本科一批,无,无
1,复旦大学,132,54,2021,文科,社会科学试验班,0,502,0,0,无,本科,无,无,普通类,本科一批,无,无
2,复旦大学,132,54,2021,文科,新闻传播学类,0,498,0,0,无,本科,文学,新闻传播学类,普通类,本科一批,无,无
3,中山大学,104,54,2022,文科,经济学,0,582,583.50,0,无,本科,经济学,经济学类,普通类,本科一批,无,无
4,中山大学,104,54,2022,文科,公共管理类（行政管理、政治学与行政学）,0,556,567,0,无,本科,管理学,公共管理类,普通类,本科一批,无,无
5,中山大学,104,54,2022,文科,图书情报与档案管理类（信息管理与信息系统、图书馆学、档案学）,0,430,430,0,无,本科,管理学,图书情报与档案管理类,普通类,本科一批,无,无
6,中山大学,104,54,2022,理科,计算机类（智能科学与技术、交通工程）,0,637,637,0,无,本科,工学,计算机类,普通类,本科一批,无,无
7,中山大学,104,54,2022,理科,经济学类（经济学、金融学）,0,619,619,0,无,本科,经济学,经济学类,普通类,本科一批,无,无
8,中山大学,104,54,2022,理科,临床医学,0,543,601.50,0,无,本科,医学,临床医学类,普通类,本科一批,无,无
9,中山大学,104,54,2022,理科,预防医学,0,466,466,0,无,本科,医学,公共卫生与预防医学类,普通类,本科一批,无,无
10,华南理工大学,105,54,2020,文科,法学类,0,588,0,0,无,本科,法学,法学类,普通类,本科一批,无,无
11,华南理工大学,105,54,2020,文科,法学类（少数民族）,0,413,0,0,无,本科,法学,法学类,普通类,本科一批,无,无
12,华南理工大学,105,54,2021,文科,法学类,593,593,593,0,无,本科,法学,法学类,普通类,本科一批,无,无
13,华南理工大学,105,54,2021,文科,法学类,402,402,402,0,无,本科,法学,法学类,普通类,国家专项计划本科批,无,无
14,华南理工大学,105,54,2022,文科,新闻传播学类,418,418,418,0,无,本科,文学,新闻传播学类,普通类,国家专项计划本科批,无,无
15,华南理工大学,105,54,2022,文科,法学类,0,406,445,0,无,本科,法学,法学类,普通类,本科一批,无,无
16,吉林大学,122,54,2020,理科,预防医学（五年）,619,617,618,0,无,本科,医学,公共卫生与预防医学类,普通类,本科一批,无,无
17,吉林大学,122,54,2020,理科,护理学（国家专项）,616,616,616,0,无,本科,医学,护理学类,普通类,本科一批,无,无
18,吉林大学,122,54,2020,理科,机械类（含机械工程、工业工程、工程力学、智能制造工程）,620,613,616,0,无,本科,工学,机械类,普通类,本科一批,无,无
19,吉林大学,122,54,2020,理科,食品科学与工程类（含食品科学与工程、食品质量与安全）,620,609,616,0,无,本科,工学,食品科学与工程类,普通类,本科一批,无,无
20,吉林大学,122,54,2020,文科,法学,593,593,593,0,无,本科,法学,法学类,普通类,本科一批,无,无
42,郑州大学,62,54,2021,理科,法学类（汉族）,542,542,0,0,无,本科,法学,法学类,普通类,本科一批,无,无
43,郑州大学,62,54,2021,理科,管理科学与工程类（汉族）,545,531,0,0,无,本科,管理学,管理科学与工程类,普通类,本科一批,无,无
44,郑州大学,62,54,2021,理科,法学类（少数民族）,381,381,0,0,无,本科,法学,法学类,普通类,本科一批,无,无
45,郑州大学,62,54,2021,文科,中国语言文学类（汉族）,579,561,0,0,无,本科,文学,中国语言文学类,普通类,本科一批,无,无
46,郑州大学,62,54,2021,文科,马克思主义理论类（汉族）,549,549,0,0,无,本科,法学,马克思主义理论类,普通类,本科一批,无,无
47,郑州大学,62,54,2021,文科,马克思主义理论类（少数民族）,415,415,0,0,无,本科,法学,马克思主义理论类,普通类,本科一批,无,无
48,郑州大学,62,54,2021,文科,哲学（少数民族）,401,401,0,0,无,本科,哲学,哲学类,普通类,本科一批,无,无
49,暨南大学,106,54,2021,文科,行政管理,526,422,474,0,无,本科,管理学,公共管理类,普通类,本科一批,无,无
50,暨南大学,106,54,2021,文科,汉语言文学,464,400,432,0,无,本科,文学,中国语言文学类,普通类,本科一批,无,无
51,暨南大学,106,54,2021,文科,历史学,386,386,386,0,无,本科,历史学,历史学类,普通类,本科一批,无,无
52,暨南大学,106,54,2021,文科,财务管理,423,373,398,0,无,本科,管理学,工商管理类,普通类,本科一批,无,无
53,暨南大学,106,54,2021,理科,法学,473,421,447,0,无,本科,法学,法学类,普通类,本科一批,无,无
54,暨南大学,106,54,2021,理科,广播电视学,441,413,427,0,无,本科,文学,新闻传播学类,普通类,本科一批,无,无
55,暨南大学,106,54,2021,理科,工商管理,448,395,421.50,0,无,本科,管理学,工商管理类,普通类,本科一批,无,无
56,暨南大学,106,54,2021,理科,市场营销,442,382,412,0,无,本科,管理学,工商管理类,普通类,本科一批,无,无
57,对外经济贸易大学,53,54,2020,文科,法学,411,411,0,0,无,本科,法学,法学类,普通类,本科一批,无,无
58,对外经济贸易大学,53,54,2020,理科,国际政治,635,635,0,0,无,本科,法学,政治学类,普通类,本科一批,无,无
59,对外经济贸易大学,53,54,2020,理科,政治学与行政学,635,635,0,0,无,本科,法学,政治学类,普通类,本科一批,无,无
60,中国海洋大学,61,54,2022,理科,法学,0,530,542,0,无,本科,法学,法学类,普通类,本科一批,无,无
61,中国海洋大学,61,54,2022,理科,工商管理,0,524,525,0,无,本科,管理学,工商管理类,普通类,本科一批,无,无
62,中国海洋大学,61,54,2022,文科,新闻传播学类,0,550,550,0,无,本科,文学,新闻传播学类,普通类,本科一批,无,无
63,中国石油大学（华东）,120,54,2022,理科,管理科学与工程类,471,471,471,0,无,本科,管理学,管理科学与工程类,普通类,本科一批,无,无
64,中国石油大学（华东）,120,54,2022,理科,油气储运工程,483,461,472,0,无,本科,工学,矿业类,普通类,本科一批,无,无
65,中国石油大学（华东）,120,54,2022,理科,资源勘查工程,459,446,452.50,0,无,本科,工学,地质类,普通类,本科一批,无,无
66,中南财经政法大学,414,54,2021,文科,经济学类,590,590,590,0,无,本科,经济学,经济学类,普通类,本科一批,无,无
67,中南财经政法大学,414,54,2021,文科,法学类,595,418,486.20,0,无,本科,法学,法学类,普通类,本科一批,无,无
68,中南财经政法大学,414,54,2021,文科,工商管理类（财务会计）,581,417,499,0,无,本科,管理学,工商管理类,普通类,本科一批,无,无
69,中南财经政法大学,414,54,2021,理科,经济学类,573,573,573,0,无,本科,经济学,经济学类,普通类,本科一批,无,无
70,中南财经政法大学,414,54,2021,理科,工商管理类（财务会计）,565,392,478.50,0,无,本科,管理学,工商管理类,普通类,本科一批,无,无
71,中南财经政法大学,414,54,2021,理科,法学类,0,390,462,0,无,本科,法学,法学类,普通类,本科一批,无,无
72,西北农林科技大学,332,54,2021,理科,食品科学与工程类,606,560,583,0,无,本科,工学,食品科学与工程类,普通类,本科一批,无,无
73,西北农林科技大学,332,54,2021,理科,机械类,547,542,544.60,0,无,本科,工学,机械类,普通类,本科一批,无,无
74,西北农林科技大学,332,54,2021,理科,生物科学类,536,527,530.60,0,无,本科,理学,生物科学类,普通类,本科一批,无,无
75,西北农林科技大学,332,54,2021,理科,水利类,540,524,532,0,无,本科,工学,水利类,普通类,本科一批,无,无
76,西北农林科技大学,332,54,2021,理科,食品科学与工程类（内地班）,450,413,431.50,0,无,本科,工学,食品科学与工程类,普通类,本科一批,无,无
77,西北农林科技大学,332,54,2021,理科,水利类（内地班）,455,390,422.50,0,无,本科,工学,水利类,普通类,本科一批,无,无
78,西北农林科技大学,332,54,2021,理科,水土保持与荒漠化防治（内地班）,436,386,411,0,无,本科,农学,自然保护与环境生态类,普通类,本科一批,无,无
79,西北农林科技大学,332,54,2021,理科,林学类（内地班）,398,366,382,0,无,本科,农学,林学类,普通类,本科一批,无,无
80,西北农林科技大学,332,54,2021,理科,化学类（内地班）,490,364,427,0,无,本科,理学,化学类,普通类,本科一批,无,无
81,西北农林科技大学,332,54,2021,理科,农学（农学类）（内地班）,424,362,393,0,无,本科,农学,植物生产类,普通类,本科一批,无,无
82,西北农林科技大学,332,54,2021,理科,农学（农学类）,526,352,443.20,0,无,本科,农学,植物生产类,普通类,本科一批,无,无
83,西北农林科技大学,332,54,2021,理科,工商管理类（内地班）,404,352,378,0,无,本科,管理学,工商管理类,普通类,本科一批,无,无
84,西北农林科技大学,332,54,2021,理科,植物保护,370,342,356,0,无,本科,农学,植物生产类,普通类,本科一批,无,无
85,西北农林科技大学,332,54,2021,理科,林业工程类,534,341,443.20,0,无,本科,工学,林业工程类,普通类,本科一批,无,无
86,西北农林科技大学,332,54,2021,理科,动物医学类,0,330,405.30,0,无,本科,农学,动物医学类,普通类,本科一批,无,无
87,西北农林科技大学,332,54,2021,理科,葡萄与葡萄酒工程,0,328,432,0,无,本科,工学,食品科学与工程类,普通类,本科一批,无,无
88,西北农林科技大学,332,54,2021,理科,工商管理类,525,328,428.20,0,无,本科,管理学,工商管理类,普通类,本科一批,无,无
89,西北农林科技大学,332,54,2021,理科,动物医学类,528,528,528,0,无,本科,农学,动物医学类,普通类,国家专项计划本科批,无,无
90,西北农林科技大学,332,54,2021,理科,动物科学（动物类）,519,353,436,0,无,本科,农学,动物生产类,普通类,国家专项计划本科批,无,无
91,云南大学,35,54,2020,文科,民族学（少数民族线）,0,378,378,0,（少数民族线）,本科,法学,民族学类,普通类,本科一批,无,无
92,云南大学,35,54,2020,理科,电子信息类（汉族线）,0,588,588,0,（汉族线）,本科,工学,电子信息类,普通类,本科一批,无,无
93,云南大学,35,54,2020,理科,计算机类（汉族线）,0,587,587,0,（汉族线）,本科,工学,计算机类,普通类,本科一批,无,无
94,云南大学,35,54,2020,理科,城乡规划（少数民族线）,0,345,345,0,（少数民族线）,本科,工学,建筑类,普通类,本科一批,无,无
95,云南大学,35,54,2020,理科,生态学（菁英班）（少数民族线）,0,326,326,0,（少数民族线）,本科,理学,生物科学类,普通类,本科一批,无,无
96,云南大学,35,54,2021,文科,汉语言文学,0,534,534,0,无,本科,文学,中国语言文学类,普通类,本科一批,无,无
97,云南大学,35,54,2021,文科,民族学,0,416,416,0,无,本科,法学,民族学类,普通类,本科一批,无,无
98,云南大学,35,54,2021,文科,民族学（内地西藏班）,0,409,440.50,0,无,本科,法学,民族学类,普通类,本科一批,无,无
99,云南大学,35,54,2021,文科,社会工作（内地西藏班）,0,378,378,0,无,本科,法学,社会学类,普通类,本科一批,无,无
100,云南大学,35,54,2021,理科,计算机类,0,541,541,0,无,本科,工学,计算机类,普通类,本科一批,无,无
101,云南大学,35,54,2021,理科,电子信息类,0,538,538,0,无,本科,工学,电子信息类,普通类,本科一批,无,无
102,云南大学,35,54,2021,理科,城乡规划,0,535,535,0,无,本科,工学,建筑类,普通类,本科一批,无,无
103,云南大学,35,54,2021,理科,生态学,0,529,529,0,无,本科,理学,生物科学类,普通类,本科一批,无,无
104,云南大学,35,54,2021,理科,生态学（内地西藏班）,0,352,384,0,无,本科,理学,生物科学类,普通类,本科一批,无,无
105,云南大学,35,54,2022,理科,电子信息类,477,477,477,0,无,本科,工学,电子信息类,普通类,本科一批,无,无
106,云南大学,35,54,2022,理科,计算机类,477,477,477,0,无,本科,工学,计算机类,普通类,本科一批,无,无
107,云南大学,35,54,2022,理科,生物技术（国家生命科学与技术基地班）,462,462,462,0,无,本科,理学,生物科学类,普通类,本科一批,无,无
108,云南大学,35,54,2022,理科,生态学（内地西藏班）,0,365,396.33,0,（内地西藏班）,本科,理学,生物科学类,普通类,本科一批,无,无
109,云南大学,35,54,2022,理科,生态学,317,317,317,0,无,本科,理学,生物科学类,普通类,本科一批,无,无
110,云南大学,35,54,2022,理科,城乡规划,314,314,314,0,无,本科,工学,建筑类,普通类,本科一批,无,无
111,云南大学,35,54,2022,文科,民族学（内地西藏班）,438,433,435.50,0,（内地西藏班）,本科,法学,民族学类,普通类,本科一批,无,无
112,云南大学,35,54,2022,文科,民族学,373,373,373,0,无,本科,法学,民族学类,普通类,本科一批,无,无
113,南京信息工程大学,166,54,2022,理科,大气科学（内高班）,0,483,506,0,无,本科,理学,大气科学类,普通类,本科一批,无,无
114,南京信息工程大学,166,54,2022,理科,电子信息类（汉族）,460,460,460,0,无,本科,工学,电子信息类,普通类,本科一批,无,无
115,南京信息工程大学,166,54,2022,理科,工商管理类（汉族）,452,452,452,0,无,本科,管理学,工商管理类,普通类,本科一批,无,无
116,南京信息工程大学,166,54,2022,理科,计算机类,479,451,465,0,无,本科,工学,计算机类,普通类,本科一批,无,无
117,南京信息工程大学,166,54,2022,理科,大气科学类（汉族）,0,445,463,0,无,本科,理学,大气科学类,普通类,本科一批,无,无
118,南京信息工程大学,166,54,2022,理科,应用气象学（汉族）,445,445,445,0,无,本科,理学,大气科学类,普通类,本科一批,无,无
119,南京信息工程大学,166,54,2022,理科,应用气象学（内高班）,445,430,438,0,无,本科,理学,大气科学类,普通类,本科一批,无,无
120,南京信息工程大学,166,54,2022,理科,防灾减灾科学与工程（内高班）,420,420,420,0,无,本科,理学,地球物理学类,普通类,本科一批,无,无
121,南京信息工程大学,166,54,2022,理科,应急管理（内高班）,417,417,417,0,无,本科,管理学,管理科学与工程类,普通类,本科一批,无,无
122,南京信息工程大学,166,54,2022,理科,大气科学（定向专业）,408,408,408,0,无,本科,理学,大气科学类,普通类,本科一批,无,无
123,南京信息工程大学,166,54,2022,理科,电子信息类（少数民族）,381,381,381,0,无,本科,工学,电子信息类,普通类,本科一批,无,无
124,南京信息工程大学,166,54,2022,理科,地理科学类,395,375,386,0,无,本科,理学,地理科学类,普通类,本科一批,无,无
125,南京信息工程大学,166,54,2022,理科,应用气象学（少数民族）,338,338,338,0,无,本科,理学,大气科学类,普通类,本科一批,无,无
126,南京信息工程大学,166,54,2022,理科,大气科学类（少数民族）,0,333,359,0,无,本科,理学,大气科学类,普通类,本科一批,无,无
127,南京信息工程大学,166,54,2022,理科,光电信息科学与工程,331,325,328,0,无,本科,工学,电子信息类,普通类,本科一批,无,无
128,南京信息工程大学,166,54,2022,理科,工商管理类（少数民族）,319,319,319,0,无,本科,管理学,工商管理类,普通类,本科一批,无,无
129,南京信息工程大学,166,54,2022,理科,应用物理学,512,498,505,0,无,本科,理学,物理学类,普通类,国家专项计划本科批,无,无
130,南京信息工程大学,166,54,2022,理科,遥感科学与技术,0,478,502,0,无,本科,工学,测绘类,普通类,国家专项计划本科批,无,无
131,南京信息工程大学,166,54,2022,理科,应用统计学,484,478,481,0,无,本科,理学,统计学类,普通类,国家专项计划本科批,无,无
132,南京信息工程大学,166,54,2022,理科,生态学,463,461,462,0,无,本科,理学,生物科学类,普通类,国家专项计划本科批,无,无
133,南京信息工程大学,166,54,2022,理科,防灾减灾科学与工程（汉族）,448,448,448,0,无,本科,理学,地球物理学类,普通类,国家专项计划本科批,无,无
134,南京信息工程大学,166,54,2022,理科,防灾减灾科学与工程（少数民族）,356,356,356,0,无,本科,理学,地球物理学类,普通类,国家专项计划本科批,无,无
135,南京信息工程大学,166,54,2022,理科,材料物理,350,343,347,0,无,本科,工学,材料类,普通类,国家专项计划本科批,无,无
136,南京信息工程大学,166,54,2022,理科,农业资源与环境,339,337,338,0,无,本科,农学,自然保护与环境生态类,普通类,国家专项计划本科批,无,无
137,南京信息工程大学,166,54,2022,理科,给排水科学与工程,337,335,336,0,无,本科,工学,土木类,普通类,国家专项计划本科批,无,无
138,南京信息工程大学,166,54,2022,理科,安全工程,346,333,340,0,无,本科,工学,安全科学与工程类,普通类,国家专项计划本科批,无,无
139,南京信息工程大学,166,54,2022,文科,汉语国际教育（汉族）,513,513,513,0,无,本科,文学,中国语言文学类,普通类,本科一批,无,无
140,南京信息工程大学,166,54,2022,文科,汉语言文学（汉族）,499,499,499,0,无,本科,文学,中国语言文学类,普通类,本科一批,无,无
141,南京信息工程大学,166,54,2022,文科,工商管理类,478,468,472,0,无,本科,管理学,工商管理类,普通类,本科一批,无,无
142,南京信息工程大学,166,54,2022,文科,法学（汉族）,467,467,467,0,无,本科,法学,法学类,普通类,本科一批,无,无
143,南京信息工程大学,166,54,2022,文科,汉语言文学（少数民族）,375,375,375,0,无,本科,文学,中国语言文学类,普通类,本科一批,无,无
144,南京信息工程大学,166,54,2022,文科,法学（少数民族）,372,372,372,0,无,本科,法学,法学类,普通类,本科一批,无,无
145,南京信息工程大学,166,54,2022,文科,行政管理,408,371,390,0,无,本科,管理学,公共管理类,普通类,本科一批,无,无
146,南京信息工程大学,166,54,2022,文科,汉语国际教育（少数民族）,370,370,370,0,无,本科,文学,中国语言文学类,普通类,本科一批,无,无
147,南京信息工程大学,166,54,2022,文科,翻译,376,367,372,0,无,本科,文学,外国语言文学类,普通类,本科一批,无,无
148,杭州电子科技大学,159,54,2020,理科,环境工程,549,503,518.33,0,无,本科,工学,环境科学与工程类,普通类,国家专项计划本科批,无,无
149,杭州电子科技大学,159,54,2020,理科,传播学,523,496,509.50,0,无,本科,文学,新闻传播学类,普通类,国家专项计划本科批,无,无
150,杭州电子科技大学,159,54,2020,理科,电子商务,0,326,456,0,无,本科,管理学,电子商务类,普通类,国家专项计划本科批,无,无
151,杭州电子科技大学,159,54,2020,文科,传播学,528,527,527.67,0,无,本科,文学,新闻传播学类,普通类,本科一批,无,无
152,杭州电子科技大学,159,54,2020,文科,社会学,521,360,455.60,0,无,本科,法学,社会学类,普通类,本科一批,无,无
153,杭州电子科技大学,159,54,2020,理科,管理科学与工程类,579,573,576,0,无,本科,管理学,管理科学与工程类,普通类,本科一批,无,无
154,杭州电子科技大学,159,54,2020,理科,经济学类,577,573,575.50,0,无,本科,经济学,经济学类,普通类,本科一批,无,无
155,杭州电子科技大学,159,54,2020,理科,电子商务,574,569,571.50,0,无,本科,管理学,电子商务类,普通类,本科一批,无,无
156,杭州电子科技大学,159,54,2020,理科,材料科学与工程,578,568,574,0,无,本科,工学,材料类,普通类,本科一批,无,无
157,杭州电子科技大学,159,54,2020,理科,传播学,566,558,563,0,无,本科,文学,新闻传播学类,普通类,本科一批,无,无
158,杭州电子科技大学,159,54,2020,理科,工业工程,0,363,511.75,0,无,本科,管理学,工业工程类,普通类,本科一批,无,无
159,杭州电子科技大学,159,54,2020,理科,汉语国际教育,364,342,353,0,无,本科,文学,中国语言文学类,普通类,本科一批,无,无
160,杭州电子科技大学,159,54,2020,理科,社会学,562,0,505,0,无,本科,法学,社会学类,普通类,本科一批,无,无
161,湘潭大学,385,54,2020,文科,汉语言文学,385,385,385,0,无,本科,文学,中国语言文学类,普通类,本科一批,无,无
162,湘潭大学,385,54,2020,理科,信用风险管理与法律防控,532,532,532,0,无,本科,法学,法学类,普通类,本科一批,无,无
163,湘潭大学,385,54,2020,理科,旅游管理,530,530,530,0,无,本科,管理学,旅游管理类,普通类,本科一批,无,无
164,上海中医药大学,310,54,2022,理科,公共事业管理（卫生管理方向）,420,420,0,0,无,本科,管理学,公共管理类,普通类,本科一批,无,无
165,上海中医药大学,310,54,2022,理科,食品卫生与营养学,380,364,0,0,无,本科,医学,公共卫生与预防医学类,普通类,本科一批,无,无
166,上海中医药大学,310,54,2022,理科,护理学,383,363,0,0,无,本科,医学,护理学类,普通类,本科一批,无,无
167,上海中医药大学,310,54,2022,理科,中药学,0,361,0,0,无,本科,医学,中药学类,普通类,本科一批,无,无
168,重庆医科大学,178,54,2020,理科,临床医学,612,612,612,0,无,本科,医学,临床医学类,普通类,本科一批,无,无
169,重庆医科大学,178,54,2020,理科,药学,598,598,598,0,无,本科,医学,药学类,普通类,本科一批,无,无
170,重庆医科大学,178,54,2020,理科,卫生检验与检疫,450,450,450,0,无,本科,医学,医学技术类,普通类,本科一批,无,无
171,重庆医科大学,178,54,2020,理科,医学影像学,432,432,432,0,无,本科,医学,临床医学类,普通类,本科一批,无,无
172,重庆医科大学,178,54,2020,理科,预防医学,431,431,431,0,无,本科,医学,公共卫生与预防医学类,普通类,本科一批,无,无
173,重庆医科大学,178,54,2020,理科,医学检验技术,416,416,416,0,无,本科,医学,医学技术类,普通类,本科一批,无,无
174,重庆医科大学,178,54,2021,理科,临床医学,553,553,553,0,无,本科,医学,临床医学类,普通类,本科一批,无,无
175,重庆医科大学,178,54,2021,理科,预防医学,539,539,539,0,无,本科,医学,公共卫生与预防医学类,普通类,本科一批,无,无
176,重庆医科大学,178,54,2021,理科,医学影像学,526,526,526,0,无,本科,医学,临床医学类,普通类,本科一批,无,无
177,重庆医科大学,178,54,2021,理科,卫生检验与检疫,518,518,518,0,无,本科,医学,医学技术类,普通类,本科一批,无,无
178,重庆医科大学,178,54,2021,理科,药学,515,515,515,0,无,本科,医学,药学类,普通类,本科一批,无,无
179,重庆医科大学,178,54,2021,理科,医学检验技术,416,416,416,0,无,本科,医学,医学技术类,普通类,本科一批,无,无
180,重庆医科大学,178,54,2021,理科,护理学,414,414,414,0,无,本科,医学,护理学类,普通类,本科一批,无,无
181,重庆医科大学,178,54,2021,理科,药物制剂,405,405,405,0,无,本科,医学,药学类,普通类,本科一批,无,无
182,重庆医科大学,178,54,2022,理科,临床医学,576,576,576,0,无,本科,医学,临床医学类,普通类,本科一批,无,无
183,重庆医科大学,178,54,2022,理科,医学检验技术,556,556,556,0,无,本科,医学,医学技术类,普通类,本科一批,无,无
184,重庆医科大学,178,54,2022,理科,卫生检验与检疫,545,545,545,0,无,本科,医学,医学技术类,普通类,本科一批,无,无
185,重庆医科大学,178,54,2022,理科,精神医学,0,524,548,0,无,本科,医学,临床医学类,普通类,本科一批,无,无
186,重庆医科大学,178,54,2022,理科,药物制剂（藏族）,452,452,452,0,（藏族）,本科,医学,药学类,普通类,本科一批,无,无
187,重庆医科大学,178,54,2022,理科,护理学（藏族）,417,417,417,0,（藏族）,本科,医学,护理学类,普通类,本科一批,无,无
188,重庆医科大学,178,54,2022,理科,药学（藏族）,402,402,402,0,（藏族）,本科,医学,药学类,普通类,本科一批,无,无
189,山西大学,262,54,2022,理科,电气工程及其自动化,459,440,0,0,无,本科,工学,电气类,普通类,本科一批,无,无
190,山西大学,262,54,2022,理科,自动化,439,439,0,0,无,本科,工学,自动化类,普通类,本科一批,无,无
191,山西大学,262,54,2022,理科,机械电子工程,427,427,0,0,无,本科,工学,机械类,普通类,本科一批,无,无
192,山西大学,262,54,2022,理科,能源动力类,422,422,0,0,无,本科,工学,能源动力类,普通类,本科一批,无,无
193,太原理工大学,139,54,2022,理科,测绘工程,470,470,470,0,无,本科,工学,测绘类,普通类,本科一批,无,无
194,太原理工大学,139,54,2022,理科,国际经济与贸易,444,444,444,0,无,本科,经济学,经济与贸易类,普通类,本科一批,无,无
195,太原理工大学,139,54,2022,理科,采矿工程,436,436,436,0,无,本科,工学,矿业类,普通类,本科一批,无,无
196,太原理工大学,139,54,2022,理科,数学与应用数学,436,436,436,0,无,本科,理学,数学类,普通类,本科一批,无,无
197,太原理工大学,139,54,2022,理科,制药工程,404.50,404.50,404.50,0,无,本科,工学,化工与制药类,普通类,本科一批,无,无
198,海南大学,504,54,2021,理科,工商管理,510,509,509,0,无,本科,管理学,工商管理类,普通类,本科一批,无,无
199,海南大学,504,54,2021,文科,汉语言文学,560,395,477,0,无,本科,文学,中国语言文学类,普通类,本科一批,无,无
200,海南大学,504,54,2022,理科,数据科学与大数据技术,495,495,495,0,无,本科,工学,计算机类,普通类,本科一批,无,无
201,海南大学,504,54,2022,理科,工商管理,324,324,324,0,无,本科,管理学,工商管理类,普通类,本科一批,无,无
202,海南大学,504,54,2022,文科,汉语言文学,0,390,443,0,无,本科,文学,中国语言文学类,普通类,本科一批,无,无
203,河北医科大学,596,54,2021,理科,公共卫生与预防医学类,419,339,366,0,无,本科,医学,公共卫生与预防医学类,普通类,本科一批,无,无
204,河北医科大学,596,54,2021,理科,药学类,357,326,338,0,无,本科,医学,药学类,普通类,本科一批,无,无
205,河北医科大学,596,54,2021,理科,护理学类,339,325,329,0,无,本科,医学,护理学类,普通类,本科一批,无,无
206,首都经济贸易大学,875,54,2021,理科,法学,553,527,540,0,无,本科,法学,法学类,普通类,本科一批,无,无
207,首都经济贸易大学,875,54,2021,文科,新闻传播学类,532,397,464.50,0,无,本科,文学,新闻传播学类,普通类,本科一批,无,无
208,辽宁大学,50,54,2020,文科,行政管理,550,378,496,0,无,本科,管理学,公共管理类,普通类,国家专项计划本科批,无,无
209,辽宁大学,50,54,2020,文科,法学,553,541,546.88,0,无,本科,法学,法学类,普通类,本科一批,无,无
210,辽宁大学,50,54,2020,文科,工商管理类（工商管理、市场营销、人力资源管理）,550,400,525.38,0,无,本科,管理学,工商管理类,普通类,本科一批,无,无
211,辽宁大学,50,54,2020,文科,汉语言文学,549,390,488.12,0,无,本科,文学,中国语言文学类,普通类,本科一批,无,无
212,湖北工业大学,433,54,2021,理科,城乡规划（汉族）,425,425,425,0,无,本科,工学,建筑类,普通类,本科一批,无,无
213,湖北工业大学,433,54,2021,理科,风景园林（汉族）,457,423,438,0,无,本科,工学,建筑类,普通类,本科一批,无,无
214,湖北工业大学,433,54,2021,理科,建筑学（汉族）,436,418,427,0,无,本科,工学,建筑类,普通类,本科一批,无,无
215,湖北工业大学,433,54,2021,理科,城乡规划（少数民族）,317,317,317,0,无,本科,工学,建筑类,普通类,本科一批,无,无
216,湖北工业大学,433,54,2021,文科,国际经济与贸易（师资）（汉族）,483,480,481.50,0,无,本科,经济学,经济与贸易类,普通类,本科一批,无,无
217,湖北工业大学,433,54,2021,文科,国际经济与贸易（师资）（少数民族）,367,367,367,0,无,本科,经济学,经济与贸易类,普通类,本科一批,无,无
218,湖北工业大学,433,54,2022,文科,国际经济与贸易（师资）（汉族）,436,436,436,0,（汉族）,本科,经济学,经济与贸易类,普通类,本科一批,无,无
219,湖北工业大学,433,54,2022,文科,国际经济与贸易（师资）（少数民族）,344,344,344,0,（少数民族）,本科,经济学,经济与贸易类,普通类,本科一批,无,无
220,武汉工程大学,434,54,2022,文科,法学类（含法学、法学（涉外法务方向））（汉族）,461,461,461,0,（含法学、法学（涉外法务方向））（汉族）,本科,法学,法学类,普通类,本科一批,无,无
221,武汉工程大学,434,54,2022,文科,会计学（含大数据会计、智能财务方向）（少数民族）,359,359,359,0,（含大数据会计、智能财务方向）（少数民族）,本科,管理学,工商管理类,普通类,本科一批,无,无
222,武汉工程大学,434,54,2022,文科,法学类（含法学、法学（涉外法务方向））（少数民族）,352,352,352,0,（含法学、法学（涉外法务方向））（少数民族）,本科,法学,法学类,普通类,本科一批,无,无
223,武汉工程大学,434,54,2022,文科,行政管理（含大数据与政府治理、人事与行政方向）（少数民族）,348,348,348,0,（含大数据与政府治理、人事与行政方向）（少数民族）,本科,管理学,公共管理类,普通类,本科一批,无,无
224,长春理工大学,379,54,2020,理科,计算机科学与技术,529,524,526.50,1270,无,本科,工学,计算机类,普通类,本科一批,无,无
225,长春理工大学,379,54,2020,理科,机械设计制造及其自动化,520,520,520,1321,无,本科,工学,机械类,普通类,本科一批,无,无
226,长春理工大学,379,54,2020,理科,工商管理类,524,327,425.50,1879,无,本科,管理学,工商管理类,普通类,本科一批,无,无
227,长春理工大学,379,54,2020,文科,广告学,488,488,488,725,无,本科,文学,新闻传播学类,普通类,本科一批,无,无
228,长春理工大学,379,54,2020,文科,法学,497,486,491.50,751,无,本科,法学,法学类,普通类,本科一批,无,无
229,长春理工大学,379,54,2020,文科,汉语言文学,497,369,459.80,525,无,本科,文学,中国语言文学类,普通类,本科一批,无,无
230,长春理工大学,379,54,2020,文科,汉语国际教育,490,359,445,746,无,本科,文学,中国语言文学类,普通类,本科一批,无,无
231,黑龙江大学,421,54,2020,理科,旅游管理,348,325,337.50,0,无,本科,管理学,旅游管理类,普通类,本科一批,无,无
232,黑龙江大学,421,54,2020,文科,法学,518,503,511.50,0,无,本科,法学,法学类,普通类,本科一批,无,无
233,黑龙江大学,421,54,2020,文科,行政管理,504,377,440.50,0,无,本科,管理学,公共管理类,普通类,本科一批,无,无
234,河南师范大学,833,54,2020,文科,社会学类,0,495,0,0,无,本科,法学,社会学类,普通类,本科一批,无,无
235,河南师范大学,833,54,2020,文科,历史学,0,492,0,0,无,本科,历史学,历史学类,普通类,本科一批,无,无
236,河南师范大学,833,54,2020,文科,法学类（法学，法学（民商法学方向）、知识产权）,0,492,0,0,无,本科,法学,法学类,普通类,本科一批,无,无
237,河南师范大学,833,54,2020,理科,心理学,0,530,0,0,无,本科,理学,心理学类,普通类,本科一批,无,无
238,河南师范大学,833,54,2020,理科,生物技术,0,522,0,0,无,本科,理学,生物科学类,普通类,本科一批,无,无
239,成都理工大学,232,54,2020,理科,地质工程,560,560,0,0,无,本科,工学,地质类,普通类,本科一批,无,无
240,成都理工大学,232,54,2020,理科,地质学类,361,361,0,0,无,本科,理学,地质学类,普通类,本科一批,无,无
241,成都理工大学,232,54,2020,文科,工商管理,533,527,0,0,无,本科,管理学,工商管理类,普通类,本科一批,无,无
242,成都理工大学,232,54,2020,文科,广播电视学,526,518,0,0,无,本科,文学,新闻传播学类,普通类,本科一批,无,无
243,成都理工大学,232,54,2020,文科,广告学,371,371,0,0,无,本科,文学,新闻传播学类,普通类,本科一批,无,无
244,河南科技大学,460,54,2021,理科,临床医学（汉族）,468,445,456.50,0,无,本科,医学,临床医学类,普通类,本科一批,无,无
245,河南科技大学,460,54,2021,理科,医学检验技术（汉族）,443,440,441.50,0,无,本科,医学,医学技术类,普通类,本科一批,无,无
246,河南科技大学,460,54,2021,理科,临床医学（少数民族）,370,370,370,0,无,本科,医学,临床医学类,普通类,本科一批,无,无
247,河南科技大学,460,54,2021,理科,医学检验技术（少数民族）,357,356,356.50,0,无,本科,医学,医学技术类,普通类,本科一批,无,无
248,河南科技大学,460,54,2021,文科,法学类（汉族）,484,484,484,0,无,本科,法学,法学类,普通类,本科一批,无,无
249,河南科技大学,460,54,2021,文科,历史学类（汉族）,475,475,475,0,无,本科,历史学,历史学类,普通类,本科一批,无,无
250,河南科技大学,460,54,2021,文科,历史学类（少数民族）,372,372,372,0,无,本科,历史学,历史学类,普通类,本科一批,无,无
251,河南科技大学,460,54,2021,文科,法学类（少数民族）,370,370,370,0,无,本科,法学,法学类,普通类,本科一批,无,无
252,上海海洋大学,309,54,2020,理科,行政管理,0,538,0,0,无,本科,管理学,公共管理类,普通类,本科一批,无,无
253,上海海洋大学,309,54,2020,理科,日语,0,531,0,0,无,本科,文学,外国语言文学类,普通类,本科一批,无,无
254,上海海洋大学,309,54,2020,理科,生物科学类,0,354,0,0,无,本科,理学,生物科学类,普通类,本科一批,无,无
255,上海海洋大学,309,54,2020,理科,能源与动力工程,0,348,0,0,无,本科,工学,能源动力类,普通类,本科一批,无,无
256,三峡大学,431,54,2021,理科,电气工程及其自动化,0,505,506,0,无,本科,工学,电气类,普通类,本科一批,无,无
257,三峡大学,431,54,2021,理科,能源动力类,0,441,450,0,无,本科,工学,能源动力类,普通类,本科一批,无,无
258,三峡大学,431,54,2021,理科,水利类,0,435,438.50,0,无,本科,工学,水利类,普通类,本科一批,无,无
259,三峡大学,431,54,2021,理科,土木类,0,427,436,0,无,本科,工学,土木类,普通类,本科一批,无,无
260,三峡大学,431,54,2021,文科,旅游管理,0,475,475,0,无,本科,管理学,旅游管理类,普通类,本科一批,无,无
261,三峡大学,431,54,2021,文科,新闻传播学类,0,471,474,0,无,本科,文学,新闻传播学类,普通类,本科一批,无,无
262,三峡大学,431,54,2021,文科,工商管理类,0,469,471,0,无,本科,管理学,工商管理类,普通类,本科一批,无,无
263,三峡大学,431,54,2021,文科,公共管理类,0,469,469,0,无,本科,管理学,公共管理类,普通类,本科一批,无,无
264,三峡大学,431,54,2022,理科,电气工程及其自动化,480,466,473,0,无,本科,工学,电气类,普通类,本科一批,无,无
265,三峡大学,431,54,2022,理科,水利水电工程,434,434,434,0,无,本科,工学,水利类,普通类,本科一批,无,无
266,三峡大学,431,54,2022,理科,少数民族预科,367,355,362.60,0,无,本科,无,无,普通类,本科一批,无,无
267,三峡大学,431,54,2022,文科,公共管理类,424,424,424,0,无,本科,管理学,公共管理类,普通类,本科一批,无,无
268,三峡大学,431,54,2022,文科,旅游管理,417,417,417,0,无,本科,管理学,旅游管理类,普通类,本科一批,无,无
269,三峡大学,431,54,2022,文科,少数民族预科,376,376,376,0,无,本科,无,无,普通类,本科一批,无,无
270,三峡大学,431,54,2022,文科,广播电视学,353,351,352,0,无,本科,文学,新闻传播学类,普通类,本科一批,无,无
271,三峡大学,431,54,2022,文科,人力资源管理,357,344,350.50,0,无,本科,管理学,工商管理类,普通类,本科一批,无,无
272,上海海事大学,313,54,2022,文科,法学（海商法）,0,390,0,0,无,本科,法学,法学类,普通类,本科一批,无,无
273,上海海事大学,313,54,2022,文科,经济学类,0,359,0,0,无,本科,经济学,经济学类,普通类,本科一批,无,无
274,上海海事大学,313,54,2022,文科,外国语言文学类,351,346,0,0,无,本科,文学,外国语言文学类,普通类,本科一批,无,无
275,辽宁师范大学,225,54,2022,理科,生物科学（师范）（少数民族）,394,394,0,0,（少数民族）,本科,理学,生物科学类,普通类,本科二批,无,无
276,辽宁师范大学,225,54,2022,理科,心理学（师范）,370,370,0,0,无,本科,理学,心理学类,普通类,本科二批,无,无
277,辽宁师范大学,225,54,2022,理科,生物科学（师范）,367,366,0,0,无,本科,理学,生物科学类,普通类,本科二批,无,无
278,辽宁师范大学,225,54,2022,理科,数学与应用数学（师范）,385,359,0,0,无,本科,理学,数学类,普通类,本科二批,无,无
279,辽宁师范大学,225,54,2022,理科,应用心理学（师范）（少数民族）,357,357,0,0,（少数民族）,本科,理学,心理学类,普通类,本科二批,无,无
280,辽宁师范大学,225,54,2022,理科,信息管理与信息系统,355,355,0,0,无,本科,管理学,管理科学与工程类,普通类,本科二批,无,无
281,辽宁师范大学,225,54,2022,理科,应用心理学（师范）,339,339,0,0,无,本科,理学,心理学类,普通类,本科二批,无,无
282,辽宁师范大学,225,54,2022,理科,行政管理（少数民族）,335,332,0,0,（少数民族）,本科,管理学,公共管理类,普通类,本科二批,无,无
283,辽宁师范大学,225,54,2022,理科,心理学（师范）（少数民族）,327,327,0,0,（少数民族）,本科,理学,心理学类,普通类,本科二批,无,无
284,辽宁师范大学,225,54,2022,理科,图书馆学（少数民族）,314,314,0,0,（少数民族）,本科,管理学,图书情报与档案管理类,普通类,本科二批,无,无
285,辽宁师范大学,225,54,2022,理科,水文与水资源工程（少数民族）,319,313,0,0,（少数民族）,本科,工学,水利类,普通类,本科二批,无,无
286,辽宁师范大学,225,54,2022,理科,信息管理与信息系统（少数民族）,310,310,0,0,（少数民族）,本科,管理学,管理科学与工程类,普通类,本科二批,无,无
287,辽宁师范大学,225,54,2022,文科,汉语言文学（师范）,455,425,0,0,无,本科,文学,中国语言文学类,普通类,本科二批,无,无
288,辽宁师范大学,225,54,2022,文科,历史学（师范）,423,422,0,0,无,本科,历史学,历史学类,普通类,本科二批,无,无
289,辽宁师范大学,225,54,2022,文科,新闻学,417,417,0,0,无,本科,文学,新闻传播学类,普通类,本科二批,无,无
290,辽宁师范大学,225,54,2022,文科,思想政治教育（师范）,426,412,0,0,无,本科,法学,马克思主义理论类,普通类,本科二批,无,无
291,辽宁师范大学,225,54,2022,文科,历史学（师范）（少数民族）,368,364,0,0,（少数民族）,本科,历史学,历史学类,普通类,本科二批,无,无
292,辽宁师范大学,225,54,2022,文科,政治学与行政学,372,360,0,0,无,本科,法学,政治学类,普通类,本科二批,无,无
293,辽宁师范大学,225,54,2022,文科,新闻学（少数民族）,359,359,0,0,（少数民族）,本科,文学,新闻传播学类,普通类,本科二批,无,无
294,辽宁师范大学,225,54,2022,文科,公共事业管理（少数民族）,356,354,0,0,（少数民族）,本科,管理学,公共管理类,普通类,本科二批,无,无
295,辽宁师范大学,225,54,2022,文科,行政管理（少数民族）,0,351,0,0,（少数民族）,本科,管理学,公共管理类,普通类,本科二批,无,无
296,辽宁师范大学,225,54,2022,文科,旅游管理（少数民族）,350,350,0,0,（少数民族）,本科,管理学,旅游管理类,普通类,本科二批,无,无
297,中北大学,277,54,2020,理科,工商管理类,493,486,489,0,无,本科,管理学,工商管理类,普通类,本科一批,无,无
298,中北大学,277,54,2020,理科,环境工程,344,337,340,0,无,本科,工学,环境科学与工程类,普通类,本科一批,无,无
299,中北大学,277,54,2020,文科,广播电视学,494,480,486,0,无,本科,文学,新闻传播学类,普通类,本科一批,无,无
300,中北大学,277,54,2021,理科,环境工程（汉族）,498,498,498,0,（汉族）,本科,工学,环境科学与工程类,普通类,本科一批,无,无
301,中北大学,277,54,2021,理科,工商管理类（少数民族）,341,321,328,0,（少数民族）,本科,管理学,工商管理类,普通类,本科一批,无,无
302,中北大学,277,54,2021,理科,环境工程（少数民族）,319,319,319,0,（少数民族）,本科,工学,环境科学与工程类,普通类,本科一批,无,无
303,中北大学,277,54,2021,文科,广播电视学（汉族）,498,498,498,0,（汉族）,本科,文学,新闻传播学类,普通类,本科一批,无,无
304,中北大学,277,54,2021,文科,广播电视学（少数民族）,361,354,357,0,（少数民族）,本科,文学,新闻传播学类,普通类,本科一批,无,无
305,中北大学,277,54,2022,理科,工商管理类,0,342,342,0,无,本科,管理学,工商管理类,普通类,本科一批,无,无
306,中北大学,277,54,2022,文科,广播电视学（汉族）,0,443,443,0,（汉族）,本科,文学,新闻传播学类,普通类,本科一批,无,无
307,中北大学,277,54,2022,文科,广播电视学（少数民族）,0,350,356,0,（少数民族）,本科,文学,新闻传播学类,普通类,本科一批,无,无
308,湖南科技大学,388,54,2020,文科,法学,498,487,492.50,0,无,本科,法学,法学类,普通类,本科一批,无,无
309,湖南科技大学,388,54,2020,文科,思想政治教育,488,381,452,0,无,本科,法学,马克思主义理论类,普通类,本科一批,无,无
310,湖南科技大学,388,54,2020,理科,财务管理,527,342,464.30,0,无,本科,管理学,工商管理类,普通类,本科一批,无,无
311,成都中医药大学,264,54,2020,理科,公共事业管理学制4年,479,475,477,0,学制4年,本科,管理学,公共管理类,普通类,本科二批,无,无
312,成都中医药大学,264,54,2020,理科,中医学学制5年,378,337,357,0,学制5年,本科,医学,中医学类,普通类,本科二批,无,无
313,成都中医药大学,264,54,2020,理科,藏药学学制4年,469,327,435,0,学制4年,本科,医学,中药学类,普通类,本科二批,无,无
314,成都中医药大学,264,54,2020,理科,针灸推拿学学制5年,368,327,351,0,学制5年,本科,医学,中医学类,普通类,本科二批,无,无
315,成都中医药大学,264,54,2020,理科,藏医学学制4年,342,324,329,0,学制4年,本科,医学,中医学类,普通类,本科二批,无,无
316,成都中医药大学,264,54,2020,理科,康复治疗学学制4年,371,319,341,0,学制4年,本科,医学,医学技术类,普通类,本科二批,无,无
317,成都中医药大学,264,54,2020,理科,运动康复学制4年,414,318,357,0,学制4年,本科,教育学,体育学类,普通类,本科二批,无,无
318,成都中医药大学,264,54,2020,理科,中药学学制4年,386,317,345,0,学制4年,本科,医学,中药学类,普通类,本科二批,无,无
319,南华大学,391,54,2022,文科,汉语言文学,0,371,0,0,无,本科,文学,中国语言文学类,普通类,本科一批,无,无
320,南华大学,391,54,2022,文科,法学,0,370,0,0,无,本科,法学,法学类,普通类,本科一批,无,无
321,内蒙古农业大学,517,54,2021,理科,水土保持与荒漠化防治（西藏内地班）,411,411,411,0,无,本科,农学,自然保护与环境生态类,普通类,本科二批,无,无
322,内蒙古农业大学,517,54,2021,理科,植物保护,330,330,330,0,无,本科,农学,植物生产类,普通类,本科二批,无,无
323,内蒙古农业大学,517,54,2021,理科,动物医学,306,306,306,0,无,本科,农学,动物医学类,普通类,本科二批,无,无
324,内蒙古农业大学,517,54,2021,理科,动物科学,300,273,286.50,0,无,本科,农学,动物生产类,普通类,本科二批,无,无
325,内蒙古农业大学,517,54,2021,理科,林学,273,273,273,0,无,本科,农学,林学类,普通类,本科二批,无,无
326,嘉兴学院,244,54,2020,理科,人力资源管理,472,433,452.50,0,无,本科,管理学,工商管理类,普通类,本科二批,无,无
327,嘉兴学院,244,54,2020,理科,工商管理,430,423,426.50,0,无,本科,管理学,工商管理类,普通类,本科二批,无,无
328,嘉兴学院,244,54,2020,理科,市场营销,431,422,426.50,0,无,本科,管理学,工商管理类,普通类,本科二批,无,无
329,嘉兴学院,244,54,2020,理科,物流管理,423,303,364.50,0,无,本科,管理学,物流管理与工程类,普通类,本科二批,无,无
330,嘉兴学院,244,54,2020,文科,人力资源管理,444,347,414.50,0,无,本科,管理学,工商管理类,普通类,本科二批,无,无
331,嘉兴学院,244,54,2020,文科,中国语言文学类,456,343,427.33,0,无,本科,文学,中国语言文学类,普通类,本科二批,无,无
332,嘉兴学院,244,54,2020,文科,市场营销,462,337,402.20,0,无,本科,管理学,工商管理类,普通类,本科二批,无,无
333,海南师范大学,511,54,2020,理科,教育技术学（汉）,477,476,476.50,0,无,本科,教育学,教育学类,普通类,本科二批,无,无
334,海南师范大学,511,54,2020,理科,应用心理学（汉）,475,470,472.50,0,无,本科,理学,心理学类,普通类,本科二批,无,无
335,海南师范大学,511,54,2020,理科,经济学类（汉）,476,469,472.50,0,无,本科,经济学,经济学类,普通类,本科二批,无,无
336,海南师范大学,511,54,2020,理科,地理科学类（汉）,468,468,468,0,无,本科,理学,地理科学类,普通类,本科二批,无,无
337,海南师范大学,511,54,2020,理科,地理科学类（少数民族）,323,323,323,0,无,本科,理学,地理科学类,普通类,本科二批,无,无
338,海南师范大学,511,54,2020,文科,教育学类（汉）,473,473,473,0,无,本科,教育学,教育学类,普通类,本科二批,无,无
339,海南师范大学,511,54,2020,文科,法学（汉）,476,470,473,0,无,本科,法学,法学类,普通类,本科二批,无,无
340,海南师范大学,511,54,2020,文科,经济学类（汉）,469,469,469,0,无,本科,经济学,经济学类,普通类,本科二批,无,无
341,海南师范大学,511,54,2020,文科,汉语言文学（汉）,476,468,472,0,无,本科,文学,中国语言文学类,普通类,本科二批,无,无
342,海南师范大学,511,54,2020,文科,汉语言文学（少数民族）,371,371,371,0,无,本科,文学,中国语言文学类,普通类,本科二批,无,无
343,海南师范大学,511,54,2020,文科,教育学类（少数民族）,356,356,356,0,无,本科,教育学,教育学类,普通类,本科二批,无,无
344,海南师范大学,511,54,2020,文科,历史学（少数民族）,353,353,353,0,无,本科,历史学,历史学类,普通类,本科二批,无,无
345,海南师范大学,511,54,2021,理科,生物科学（汉族）,452,452,452,0,无,本科,理学,生物科学类,普通类,本科一批,无,无
346,海南师范大学,511,54,2021,理科,数学与应用数学（汉族）,479,449,464,0,无,本科,理学,数学类,普通类,本科一批,无,无
347,海南师范大学,511,54,2021,理科,小学教育（数学与科学方向）（汉族）,448,448,448,0,无,本科,教育学,教育学类,普通类,本科一批,无,无
348,海南师范大学,511,54,2021,理科,生物科学（少数民族）,381,381,381,0,无,本科,理学,生物科学类,普通类,本科一批,无,无
349,海南师范大学,511,54,2021,理科,化学（少数民族）,373,359,365.67,0,无,本科,理学,化学类,普通类,本科一批,无,无
350,海南师范大学,511,54,2021,文科,教育学类（汉族）,500,500,500,0,无,本科,教育学,教育学类,普通类,本科一批,无,无
351,海南师范大学,511,54,2021,文科,汉语言文学（汉族）,512,493,500.33,0,无,本科,文学,中国语言文学类,普通类,本科一批,无,无
352,海南师范大学,511,54,2021,文科,历史学（汉族）,490,488,489,0,无,本科,历史学,历史学类,普通类,本科一批,无,无
353,海南师范大学,511,54,2021,文科,思想政治教育（少数民族）,401,399,400,0,无,本科,法学,马克思主义理论类,普通类,本科一批,无,无
354,海南师范大学,511,54,2021,文科,教育学类（少数民族）,405,392,398.50,0,无,本科,教育学,教育学类,普通类,本科一批,无,无
355,海南师范大学,511,54,2021,文科,新闻传播学类（少数民族）,391,390,390.50,0,无,本科,文学,新闻传播学类,普通类,本科一批,无,无
356,海南师范大学,511,54,2022,理科,生物科学（汉）,447,447,447,0,无,本科,理学,生物科学类,普通类,本科一批,无,无
357,海南师范大学,511,54,2022,理科,数学与应用数学（汉）,454,434,444,0,无,本科,理学,数学类,普通类,本科一批,无,无
358,海南师范大学,511,54,2022,理科,小学教育（数学与科学方向）（汉）,419,419,419,0,无,本科,教育学,教育学类,普通类,本科一批,无,无
359,海南师范大学,511,54,2022,理科,生物科学（少数民族）,377,377,377,0,无,本科,理学,生物科学类,普通类,本科一批,无,无
360,海南师范大学,511,54,2022,理科,小学教育（数学与科学方向）（少）,374,374,374,0,无,本科,教育学,教育学类,普通类,本科一批,无,无
361,海南师范大学,511,54,2022,理科,化学（少数民族）,372,371,371.50,0,无,本科,理学,化学类,普通类,本科一批,无,无
362,海南师范大学,511,54,2022,文科,历史学（汉）,446,446,446,0,无,本科,历史学,历史学类,普通类,本科一批,无,无
363,海南师范大学,511,54,2022,文科,思想政治教育（汉）,449,442,445.50,0,无,本科,法学,马克思主义理论类,普通类,本科一批,无,无
364,海南师范大学,511,54,2022,文科,汉语言文学（汉）,447,438,442.67,0,无,本科,文学,中国语言文学类,普通类,本科一批,无,无
365,海南师范大学,511,54,2022,文科,历史学（少数民族）,386,386,386,0,无,本科,历史学,历史学类,普通类,本科一批,无,无
366,海南师范大学,511,54,2022,文科,教育学类（少数民族）,391,384,386.25,0,无,本科,教育学,教育学类,普通类,本科一批,无,无
367,海南师范大学,511,54,2022,文科,新闻传播学类（少数民族）,383,383,383,0,无,本科,文学,新闻传播学类,普通类,本科一批,无,无
368,沈阳建筑大学,212,54,2020,理科,电气工程及其自动化,502,502,502,0,无,本科,工学,电气类,普通类,国家专项计划本科批,无,无
369,沈阳建筑大学,212,54,2020,理科,无机非金属材料工程,497,497,497,0,无,本科,工学,材料类,普通类,国家专项计划本科批,无,无
370,沈阳建筑大学,212,54,2020,理科,土木工程（藏）,334,334,334,0,无,本科,工学,土木类,普通类,国家专项计划本科批,无,无
371,沈阳建筑大学,212,54,2020,理科,工程管理（藏）,329,329,329,0,无,本科,管理学,管理科学与工程类,普通类,国家专项计划本科批,无,无
372,沈阳建筑大学,212,54,2020,理科,建筑学（具备一定的美术基础）,528,528,528,0,（具备一定的美术基础）,本科,工学,建筑类,普通类,本科一批,无,无
373,沈阳建筑大学,212,54,2020,理科,自动化,518,518,518,0,无,本科,工学,自动化类,普通类,本科一批,无,无
374,沈阳建筑大学,212,54,2020,理科,风景园林（具备一定的美术基础）,514,514,514,0,（具备一定的美术基础）,本科,工学,建筑类,普通类,本科一批,无,无
375,沈阳建筑大学,212,54,2020,理科,土木工程,535,511,521.25,0,无,本科,工学,土木类,普通类,本科一批,无,无
376,沈阳建筑大学,212,54,2020,理科,会计学,509,509,509,0,无,本科,管理学,工商管理类,普通类,本科一批,无,无
377,沈阳建筑大学,212,54,2020,理科,工程造价,508,508,508,0,无,本科,管理学,管理科学与工程类,普通类,本科一批,无,无
378,沈阳建筑大学,212,54,2020,理科,计算机科学与技术,506,505,505.50,0,无,本科,工学,计算机类,普通类,本科一批,无,无
379,沈阳建筑大学,212,54,2020,理科,房地产开发与管理,505,498,501.50,0,无,本科,管理学,管理科学与工程类,普通类,本科一批,无,无
380,沈阳建筑大学,212,54,2020,理科,工程管理,506,497,502.67,0,无,本科,管理学,管理科学与工程类,普通类,本科一批,无,无
381,沈阳建筑大学,212,54,2020,理科,电气工程及其自动化,503,497,500.75,0,无,本科,工学,电气类,普通类,本科一批,无,无
382,沈阳建筑大学,212,54,2020,理科,土地资源管理,495,495,495,0,无,本科,管理学,公共管理类,普通类,本科一批,无,无
383,沈阳建筑大学,212,54,2020,理科,给排水科学与工程,511,492,501.50,0,无,本科,工学,土木类,普通类,本科一批,无,无
384,沈阳建筑大学,212,54,2020,理科,机械设计制造及其自动化,501,491,495,0,无,本科,工学,机械类,普通类,本科一批,无,无
385,沈阳建筑大学,212,54,2020,理科,机械工程,491,491,491,0,无,本科,工学,机械类,普通类,本科一批,无,无
386,沈阳建筑大学,212,54,2020,理科,测绘工程,491,491,491,0,无,本科,工学,测绘类,普通类,本科一批,无,无
387,沈阳建筑大学,212,54,2020,理科,建筑环境与能源应用工程,509,489,497,0,无,本科,工学,土木类,普通类,本科一批,无,无
388,沈阳建筑大学,212,54,2020,理科,高分子材料与工程,489,489,489,0,无,本科,工学,材料类,普通类,本科一批,无,无
389,沈阳建筑大学,212,54,2020,理科,物流工程,488,488,488,0,无,本科,管理学,物流管理与工程类,普通类,本科一批,无,无
390,沈阳建筑大学,212,54,2020,理科,道路桥梁与渡河工程,491,486,488.50,0,无,本科,工学,土木类,普通类,本科一批,无,无
391,沈阳建筑大学,212,54,2020,理科,土地资源管理（藏）,345,345,345,0,无,本科,管理学,公共管理类,普通类,本科一批,无,无
392,沈阳建筑大学,212,54,2020,理科,无机非金属材料工程（藏）,340,340,340,0,无,本科,工学,材料类,普通类,本科一批,无,无
393,沈阳建筑大学,212,54,2020,理科,道路桥梁与渡河工程（藏）,333,333,333,0,无,本科,工学,土木类,普通类,本科一批,无,无
394,沈阳建筑大学,212,54,2020,理科,高分子材料与工程（藏）,332,332,332,0,无,本科,工学,材料类,普通类,本科一批,无,无
395,沈阳建筑大学,212,54,2020,理科,物流工程（藏）,329,329,329,0,无,本科,管理学,物流管理与工程类,普通类,本科一批,无,无
396,西安工业大学,361,54,2020,文科,汉语言文学,501,489,495,0,无,本科,文学,中国语言文学类,普通类,本科一批,无,无
397,西安工业大学,361,54,2020,文科,人力资源管理,486,484,485,0,无,本科,管理学,工商管理类,普通类,本科一批,无,无
398,西安工业大学,361,54,2020,理科,会计学（汉族）,521,509,515,0,无,本科,管理学,工商管理类,普通类,本科一批,无,无
399,西安工业大学,361,54,2020,理科,人力资源管理（汉族）,509,509,509,0,无,本科,管理学,工商管理类,普通类,本科一批,无,无
400,西安工业大学,361,54,2020,理科,人力资源管理（少数民族）,358,358,358,0,无,本科,管理学,工商管理类,普通类,本科一批,无,无
401,西安工业大学,361,54,2020,理科,物流管理（少数民族）,365,352,358.50,0,无,本科,管理学,物流管理与工程类,普通类,本科一批,无,无
402,内蒙古师范大学,519,54,2021,文科,小学教育,0,345,0,0,无,本科,教育学,教育学类,普通类,本科二批,无,无
403,内蒙古师范大学,519,54,2021,理科,经济学,0,411,0,0,无,本科,经济学,经济学类,普通类,本科二批,无,无
404,江西中医药大学,185,54,2022,文科,针灸推拿学,414,389,0,0,无,本科,医学,中医学类,普通类,本科二批,无,无
405,江西中医药大学,185,54,2022,理科,中医学,332,332,0,0,无,本科,医学,中医学类,普通类,本科二批,无,无
406,江西中医药大学,185,54,2022,理科,中西医临床医学,357,332,0,0,无,本科,医学,中西医结合类,普通类,本科二批,无,无
407,西南民族大学,231,54,2020,理科,金融学类（西藏班）,366,359,362,0,无,本科,经济学,金融学类,普通类,本科二批,无,无
408,西南民族大学,231,54,2020,理科,会计学（西藏班）,364,358,361,0,无,本科,管理学,工商管理类,普通类,本科二批,无,无
409,西南民族大学,231,54,2020,理科,财务管理（西藏班）,351,346,349.33,0,无,本科,管理学,工商管理类,普通类,本科二批,无,无
410,西南民族大学,231,54,2020,理科,信息管理与信息系统（西藏班）,358,342,350,0,无,本科,管理学,管理科学与工程类,普通类,本科二批,无,无
411,西南民族大学,231,54,2020,文科,汉语言文学（西藏班）,402,384,393,0,无,本科,文学,中国语言文学类,普通类,本科二批,无,无
412,西南民族大学,231,54,2020,文科,法学（西藏班）,400,381,390.50,0,无,本科,法学,法学类,普通类,本科二批,无,无
413,西南民族大学,231,54,2020,文科,人力资源管理（西藏班）,380,374,377,0,无,本科,管理学,工商管理类,普通类,本科二批,无,无
414,西南民族大学,231,54,2020,文科,工商管理（西藏班）,376,372,374,0,无,本科,管理学,工商管理类,普通类,本科二批,无,无
415,西南民族大学,231,54,2020,文科,财政学（西藏班）,385,371,378,0,无,本科,经济学,财政学类,普通类,本科二批,无,无
416,西南民族大学,231,54,2020,文科,经济学（西藏班）,374,371,372.50,0,无,本科,经济学,经济学类,普通类,本科二批,无,无
417,西南民族大学,231,54,2020,文科,民族学（西藏班）,370,368,369,0,无,本科,法学,民族学类,普通类,本科二批,无,无
418,西南民族大学,231,54,2020,文科,历史学类（西藏班）,397,367,382,0,无,本科,历史学,历史学类,普通类,本科二批,无,无
419,西南民族大学,231,54,2020,文科,新闻学（西藏班）,370,362,366,0,无,本科,文学,新闻传播学类,普通类,本科二批,无,无
420,西南民族大学,231,54,2020,文科,文化产业管理（西藏班）,364,362,363,0,无,本科,管理学,工商管理类,普通类,本科二批,无,无
421,西南民族大学,231,54,2020,文科,公共管理类（西藏班）,385,359,371,0,无,本科,管理学,公共管理类,普通类,本科二批,无,无
422,西南民族大学,231,54,2020,理科,环境科学与工程类（汉族）,517,517,517,0,无,本科,工学,环境科学与工程类,普通类,本科一批,无,无
423,西南民族大学,231,54,2020,理科,应用心理学（汉族）,510,506,508,0,无,本科,理学,心理学类,普通类,本科一批,无,无
424,西南民族大学,231,54,2020,理科,法学（汉族）,502,497,499.50,0,无,本科,法学,法学类,普通类,本科一批,无,无
425,西南民族大学,231,54,2020,理科,电气工程及其自动化（汉族）,493,493,493,0,无,本科,工学,电气类,普通类,本科一批,无,无
426,西南民族大学,231,54,2020,理科,汉语国际教育（汉族）,493,493,493,0,无,本科,文学,中国语言文学类,普通类,本科一批,无,无
427,西南民族大学,231,54,2020,理科,动物科学（汉族）,491,491,491,0,无,本科,农学,动物生产类,普通类,本科一批,无,无
428,西南民族大学,231,54,2020,理科,中药学（汉族）,491,491,491,0,无,本科,医学,中药学类,普通类,本科一批,无,无
429,西南民族大学,231,54,2020,理科,物流管理（汉族）,488,488,488,0,无,本科,管理学,物流管理与工程类,普通类,本科一批,无,无
430,西南民族大学,231,54,2020,理科,新闻学（汉族）,498,487,492.67,0,无,本科,文学,新闻传播学类,普通类,本科一批,无,无
431,西南民族大学,231,54,2020,理科,会计学（汉族）,495,487,491,0,无,本科,管理学,工商管理类,普通类,本科一批,无,无
432,西南民族大学,231,54,2020,理科,计算机类（汉族）,521,484,498.83,0,无,本科,工学,计算机类,普通类,本科一批,无,无
433,西南民族大学,231,54,2020,理科,制药工程（汉族）,505,484,494.50,0,无,本科,工学,化工与制药类,普通类,本科一批,无,无
434,西南民族大学,231,54,2020,理科,电子信息类（汉族）,516,482,498.40,0,无,本科,工学,电子信息类,普通类,本科一批,无,无
435,西南民族大学,231,54,2020,理科,化学（少数民族）,374,371,372.33,0,无,本科,理学,化学类,普通类,本科一批,无,无
436,西南民族大学,231,54,2020,理科,物流管理（少数民族）,365,365,365,0,无,本科,管理学,物流管理与工程类,普通类,本科一批,无,无
437,西南民族大学,231,54,2020,理科,人力资源管理（少数民族）,362,358,360,0,无,本科,管理学,工商管理类,普通类,本科一批,无,无
438,西南民族大学,231,54,2020,理科,藏药学（少数民族）,396,356,370,0,无,本科,医学,中药学类,普通类,本科一批,无,无
439,西南民族大学,231,54,2020,理科,制药工程（少数民族）,355,355,355,0,无,本科,工学,化工与制药类,普通类,本科一批,无,无
440,西南民族大学,231,54,2020,理科,中药学（少数民族）,353,353,353,0,无,本科,医学,中药学类,普通类,本科一批,无,无
441,西南民族大学,231,54,2020,理科,动物药学（少数民族）,353,352,352.33,0,无,本科,农学,动物医学类,普通类,本科一批,无,无
442,西南民族大学,231,54,2020,理科,汉语国际教育（少数民族）,352,352,352,0,无,本科,文学,中国语言文学类,普通类,本科一批,无,无
443,西南民族大学,231,54,2020,理科,动物科学（少数民族）,367,351,356.50,0,无,本科,农学,动物生产类,普通类,本科一批,无,无
444,西南民族大学,231,54,2020,理科,环境科学与工程类（少数民族）,371,348,361.33,0,无,本科,工学,环境科学与工程类,普通类,本科一批,无,无
445,西南民族大学,231,54,2020,理科,动物医学（少数民族）,399,347,361,0,无,本科,农学,动物医学类,普通类,本科一批,无,无
446,西南民族大学,231,54,2020,理科,生物技术（少数民族）,366,347,353.75,0,无,本科,理学,生物科学类,普通类,本科一批,无,无
447,西南民族大学,231,54,2020,理科,食品科学与工程类（少数民族）,353,347,350,0,无,本科,工学,食品科学与工程类,普通类,本科一批,无,无
448,西南民族大学,231,54,2020,理科,电子信息类（少数民族）,371,346,360,0,无,本科,工学,电子信息类,普通类,本科一批,无,无
449,西南民族大学,231,54,2020,理科,电气工程及其自动化（少数民族）,361,346,353,0,无,本科,工学,电气类,普通类,本科一批,无,无
450,西南民族大学,231,54,2020,理科,旅游管理（少数民族）,362,344,349.50,0,无,本科,管理学,旅游管理类,普通类,本科一批,无,无
451,西南民族大学,231,54,2020,理科,应用物理学（少数民族）,350,344,347,0,无,本科,理学,物理学类,普通类,本科一批,无,无
452,西南民族大学,231,54,2020,理科,社会学类（少数民族）,352,343,347.50,0,无,本科,法学,社会学类,普通类,本科一批,无,无
453,西南民族大学,231,54,2020,理科,预科班,477,324,408.50,0,无,本科,无,无,普通类,本科一批,无,无
454,西南民族大学,231,54,2020,文科,法学（汉族）,517,505,512.33,0,无,本科,法学,法学类,普通类,本科一批,无,无
455,西南民族大学,231,54,2020,文科,人力资源管理（汉族）,500,497,498.50,0,无,本科,管理学,工商管理类,普通类,本科一批,无,无
456,西南民族大学,231,54,2020,文科,金融学类（汉族）,504,496,500,0,无,本科,经济学,金融学类,普通类,本科一批,无,无
457,西南民族大学,231,54,2020,文科,汉语言文学（汉族）,506,496,499.67,0,无,本科,文学,中国语言文学类,普通类,本科一批,无,无
458,西南民族大学,231,54,2020,文科,会计学（汉族）,499,496,497.50,0,无,本科,管理学,工商管理类,普通类,本科一批,无,无
459,西南民族大学,231,54,2020,文科,公共管理类（汉族）,504,495,500.20,0,无,本科,管理学,公共管理类,普通类,本科一批,无,无
460,西南民族大学,231,54,2020,文科,工商管理（汉族）,505,494,499.50,0,无,本科,管理学,工商管理类,普通类,本科一批,无,无
461,西南民族大学,231,54,2020,文科,财务管理（汉族）,497,494,495.50,0,无,本科,管理学,工商管理类,普通类,本科一批,无,无
462,西南民族大学,231,54,2020,文科,财政学（汉族）,500,493,496.50,0,无,本科,经济学,财政学类,普通类,本科一批,无,无
463,西南民族大学,231,54,2020,文科,汉语国际教育（汉族）,498,491,494.50,0,无,本科,文学,中国语言文学类,普通类,本科一批,无,无
464,西南民族大学,231,54,2020,文科,文化产业管理（汉族）,492,491,491.50,0,无,本科,管理学,工商管理类,普通类,本科一批,无,无
465,西南民族大学,231,54,2020,文科,市场营销（汉族）,491,491,491,0,无,本科,管理学,工商管理类,普通类,本科一批,无,无
466,西南民族大学,231,54,2020,文科,学前教育（汉族）,498,490,494,0,无,本科,教育学,教育学类,普通类,本科一批,无,无
467,西南民族大学,231,54,2020,文科,社会学类（汉族）,494,490,492.50,0,无,本科,法学,社会学类,普通类,本科一批,无,无
468,西南民族大学,231,54,2020,文科,历史学类（汉族）,528,488,495.57,0,无,本科,历史学,历史学类,普通类,本科一批,无,无
469,西南民族大学,231,54,2020,文科,旅游管理（汉族）,490,488,489,0,无,本科,管理学,旅游管理类,普通类,本科一批,无,无
470,西南民族大学,231,54,2020,文科,社会学类（少数民族）,401,390,395.50,0,无,本科,法学,社会学类,普通类,本科一批,无,无
471,西南民族大学,231,54,2020,文科,旅游管理（少数民族）,407,384,398.25,0,无,本科,管理学,旅游管理类,普通类,本科一批,无,无
472,西南民族大学,231,54,2020,文科,法学（少数民族）,402,381,389.80,0,无,本科,法学,法学类,普通类,本科一批,无,无
473,西南民族大学,231,54,2020,文科,文化产业管理（少数民族）,384,379,381.38,0,无,本科,管理学,工商管理类,普通类,本科一批,无,无
474,西南民族大学,231,54,2020,文科,市场营销（少数民族）,376,376,376,0,无,本科,管理学,工商管理类,普通类,本科一批,无,无
475,西南民族大学,231,54,2020,文科,行政管理（少数民族）,405,371,379.40,0,无,本科,管理学,公共管理类,普通类,本科一批,无,无
476,西南民族大学,231,54,2020,文科,中国少数民族语言文学（藏语言文学）（少数民族）,399,370,377.83,0,无,本科,文学,中国语言文学类,普通类,本科一批,无,无
477,西南民族大学,231,54,2020,文科,民族学（少数民族）,405,369,377.78,0,无,本科,法学,民族学类,普通类,本科一批,无,无
478,西南民族大学,231,54,2020,文科,预科班,474,350,421.30,0,无,本科,无,无,普通类,本科一批,无,无
479,西南民族大学,231,54,2020,文科,汉语言文学,490,474,482,0,无,本科,文学,中国语言文学类,普通类,国家专项计划本科批,无,无
480,西南民族大学,231,54,2020,文科,法学,462,399,420.33,0,无,本科,法学,法学类,普通类,国家专项计划本科批,无,无
481,西南民族大学,231,54,2020,文科,人力资源管理,462,390,426,0,无,本科,管理学,工商管理类,普通类,国家专项计划本科批,无,无
482,西南民族大学,231,54,2020,文科,视觉传达设计,264,251,257.75,0,无,本科,艺术学,设计学类,普通类,本科提前批,无,无
483,西南民族大学,231,54,2020,文科,绘画,252,220,236.25,0,无,本科,艺术学,美术学类,普通类,本科提前批,无,无
484,西南民族大学,231,54,2021,理科,法学（汉族）,473,470,471,0,无,本科,法学,法学类,汉族,本科一批,无,无
485,西南民族大学,231,54,2021,理科,化学类（汉族）,466,466,466,0,无,本科,理学,化学类,汉族,本科一批,无,无
486,西南民族大学,231,54,2021,理科,新闻传播学类（汉族）,454,450,452,0,无,本科,文学,新闻传播学类,汉族,本科一批,无,无
487,西南民族大学,231,54,2021,理科,动物科学（汉族）,436,436,436,0,无,本科,农学,动物生产类,汉族,本科一批,无,无
488,西南民族大学,231,54,2021,理科,中国语言文学类（汉族）,442,428,435,0,无,本科,文学,中国语言文学类,汉族,本科一批,无,无
489,西南民族大学,231,54,2021,理科,金融学类（汉族）,427,426,426,0,无,本科,经济学,金融学类,汉族,本科一批,无,无
490,西南民族大学,231,54,2021,理科,中药学（汉族）,424,424,424,0,无,本科,医学,中药学类,汉族,本科一批,无,无
491,西南民族大学,231,54,2021,理科,计算机类（汉族）,440,421,431,0,无,本科,工学,计算机类,汉族,本科一批,无,无
492,西南民族大学,231,54,2021,理科,应用心理学（汉族）,426,421,423,0,无,本科,理学,心理学类,汉族,本科一批,无,无
493,西南民族大学,231,54,2021,理科,会计学（汉族）,421,421,421,0,无,本科,管理学,工商管理类,汉族,本科一批,无,无
494,西南民族大学,231,54,2021,理科,电子信息类（汉族）,436,419,428,0,无,本科,工学,电子信息类,汉族,本科一批,无,无
495,西南民族大学,231,54,2021,理科,电气工程及其自动化（汉族）,445,417,431,0,无,本科,工学,电气类,汉族,本科一批,无,无
496,西南民族大学,231,54,2021,理科,会计学（少数民族）,372,372,372,0,无,本科,管理学,工商管理类,少数民族,本科一批,无,无
497,西南民族大学,231,54,2021,理科,计算机类（少数民族）,383,371,377,0,无,本科,工学,计算机类,少数民族,本科一批,无,无
498,西南民族大学,231,54,2021,理科,化学类（少数民族）,388,350,362,0,无,本科,理学,化学类,少数民族,本科一批,无,无
499,西南民族大学,231,54,2021,理科,电气工程及其自动化（少数民族）,364,350,357,0,无,本科,工学,电气类,少数民族,本科一批,无,无
500,西南民族大学,231,54,2021,理科,社会学类（少数民族）,355,346,350,0,无,本科,法学,社会学类,少数民族,本科一批,无,无
501,西南民族大学,231,54,2021,理科,电子信息类（少数民族）,361,345,352,0,无,本科,工学,电子信息类,少数民族,本科一批,无,无
502,西南民族大学,231,54,2021,理科,制药工程（少数民族）,353,345,348,0,无,本科,工学,化工与制药类,少数民族,本科一批,无,无
503,西南民族大学,231,54,2021,理科,食品科学与工程类（少数民族）,345,345,345,0,无,本科,工学,食品科学与工程类,少数民族,本科一批,无,无
504,西南民族大学,231,54,2021,理科,生物技术（少数民族）,359,342,349,0,无,本科,理学,生物科学类,少数民族,本科一批,无,无
505,西南民族大学,231,54,2021,理科,藏药学（藏文）,375,341,353,0,无,本科,医学,中药学类,藏文,本科一批,无,无
506,西南民族大学,231,54,2021,理科,工商管理类（少数民族）,350,341,345,0,无,本科,管理学,工商管理类,少数民族,本科一批,无,无
507,西南民族大学,231,54,2021,理科,中药学（少数民族）,344,341,342,0,无,本科,医学,中药学类,少数民族,本科一批,无,无
508,西南民族大学,231,54,2021,理科,应用物理学（少数民族）,348,340,344,0,无,本科,理学,物理学类,少数民族,本科一批,无,无
509,西南民族大学,231,54,2021,理科,旅游管理（少数民族）,377,339,357,0,无,本科,管理学,旅游管理类,少数民族,本科一批,无,无
510,西南民族大学,231,54,2021,理科,动物医学（藏文）,347,338,340,0,无,本科,农学,动物医学类,藏文,本科一批,无,无
511,西南民族大学,231,54,2021,理科,动物科学（藏文）,339,336,337,0,无,本科,农学,动物生产类,藏文,本科一批,无,无
512,西南民族大学,231,54,2021,理科,动物科学（少数民族）,342,326,334,0,无,本科,农学,动物生产类,少数民族,本科一批,无,无
513,西南民族大学,231,54,2021,理科,环境科学与工程类（少数民族）,339,325,329,0,无,本科,工学,环境科学与工程类,少数民族,本科一批,无,无
514,西南民族大学,231,54,2021,文科,法学（汉族）,506,489,494,0,无,本科,法学,法学类,汉族,本科一批,无,无
515,西南民族大学,231,54,2021,文科,会计学（汉族）,482,482,482,0,无,本科,管理学,工商管理类,汉族,本科一批,无,无
516,西南民族大学,231,54,2021,文科,财政学（汉族）,482,482,482,0,无,本科,经济学,财政学类,汉族,本科一批,无,无
517,西南民族大学,231,54,2021,文科,中国语言文学类（汉族）,496,481,487,0,无,本科,文学,中国语言文学类,汉族,本科一批,无,无
518,西南民族大学,231,54,2021,文科,历史学类（汉族）,486,479,481,0,无,本科,历史学,历史学类,汉族,本科一批,无,无
519,西南民族大学,231,54,2021,文科,新闻传播学类（汉族）,480,477,478,0,无,本科,文学,新闻传播学类,汉族,本科一批,无,无
520,西南民族大学,231,54,2021,文科,社会学类（汉族）,480,476,478,0,无,本科,法学,社会学类,汉族,本科一批,无,无
521,西南民族大学,231,54,2021,文科,财政学（少数民族）,404,404,404,0,无,本科,经济学,财政学类,少数民族,本科一批,无,无
522,西南民族大学,231,54,2021,文科,历史学类（少数民族）,402,402,402,0,无,本科,历史学,历史学类,少数民族,本科一批,无,无
523,西南民族大学,231,54,2021,文科,民族学（少数民族）,419,395,404,0,无,本科,法学,民族学类,少数民族,本科一批,无,无
524,西南民族大学,231,54,2021,文科,会计学（少数民族）,395,395,395,0,无,本科,管理学,工商管理类,少数民族,本科一批,无,无
525,西南民族大学,231,54,2021,文科,金融学类（少数民族）,408,394,401,0,无,本科,经济学,金融学类,少数民族,本科一批,无,无
526,西南民族大学,231,54,2021,文科,公共管理类（少数民族）,400,389,394,0,无,本科,管理学,公共管理类,少数民族,本科一批,无,无
527,西南民族大学,231,54,2021,文科,文化产业管理（少数民族）,392,389,390,0,无,本科,管理学,工商管理类,少数民族,本科一批,无,无
528,西南民族大学,231,54,2021,文科,社会学类（少数民族）,412,387,397,0,无,本科,法学,社会学类,少数民族,本科一批,无,无
529,西南民族大学,231,54,2021,文科,工商管理类（少数民族）,400,386,391,0,无,本科,管理学,工商管理类,少数民族,本科一批,无,无
530,西南民族大学,231,54,2021,文科,旅游管理（少数民族）,393,385,388,0,无,本科,管理学,旅游管理类,少数民族,本科一批,无,无
531,西南民族大学,231,54,2021,文科,中国少数民族语言文学（藏语言文学）（藏文）,398,376,382,0,无,本科,文学,中国语言文学类,藏文,本科一批,无,无
532,西南民族大学,231,54,2021,文科,法学（藏文）,419,371,384,0,无,本科,法学,法学类,藏文,本科一批,无,无
533,西南民族大学,231,54,2021,文科,文化产业管理（藏文）,373,370,371,0,无,本科,管理学,工商管理类,藏文,本科一批,无,无
534,西南民族大学,231,54,2021,文科,行政管理（藏文）,394,368,374,0,无,本科,管理学,公共管理类,藏文,本科一批,无,无
535,西南民族大学,231,54,2021,文科,民族学（藏文）,391,367,377,0,无,本科,法学,民族学类,藏文,本科一批,无,无
536,西南民族大学,231,54,2021,文科,法学,500,488,495,0,无,本科,法学,法学类,普通类,国家专项计划本科批,无,无
537,西南民族大学,231,54,2021,文科,中国语言文学类,404,404,404,0,无,本科,文学,中国语言文学类,普通类,国家专项计划本科批,无,无
538,西南民族大学,231,54,2021,文科,工商管理类,403,403,403,0,无,本科,管理学,工商管理类,普通类,国家专项计划本科批,无,无
539,沈阳理工大学,217,54,2022,理科,金融学,379,379,379,0,无,本科,经济学,金融学类,普通类,本科二批,无,无
540,沈阳理工大学,217,54,2022,理科,计算机科学与技术,370,370,370,0,无,本科,工学,计算机类,普通类,本科二批,无,无
541,沈阳理工大学,217,54,2022,理科,电子信息工程,367,367,367,0,无,本科,工学,电子信息类,普通类,本科二批,无,无
542,沈阳理工大学,217,54,2022,理科,通信工程,366,366,366,0,无,本科,工学,电子信息类,普通类,本科二批,无,无
543,沈阳理工大学,217,54,2022,理科,机械设计制造及其自动化,360,360,360,0,无,本科,工学,机械类,普通类,本科二批,无,无
544,沈阳理工大学,217,54,2022,理科,测控技术与仪器,356,356,356,0,无,本科,工学,仪器类,普通类,本科二批,无,无
545,沈阳理工大学,217,54,2022,理科,信息管理与信息系统,355,355,355,0,无,本科,管理学,管理科学与工程类,普通类,本科二批,无,无
546,沈阳理工大学,217,54,2022,理科,特种能源技术与工程,350,350,350,0,无,本科,工学,兵器类,普通类,本科二批,无,无
547,沈阳理工大学,217,54,2022,理科,光电信息科学与工程,349,349,349,0,无,本科,工学,电子信息类,普通类,本科二批,无,无
548,沈阳理工大学,217,54,2022,理科,金属材料工程,348,348,348,0,无,本科,工学,材料类,普通类,本科二批,无,无
549,沈阳理工大学,217,54,2022,理科,机械电子工程,344,344,344,0,无,本科,工学,机械类,普通类,本科二批,无,无
550,沈阳理工大学,217,54,2022,理科,自动化,339,339,339,0,无,本科,工学,自动化类,普通类,本科二批,无,无
551,沈阳理工大学,217,54,2022,理科,材料成型及控制工程,328,328,328,0,无,本科,工学,机械类,普通类,本科二批,无,无
552,沈阳理工大学,217,54,2022,理科,车辆工程,304,304,304,0,无,本科,工学,机械类,普通类,本科二批,无,无
553,沈阳理工大学,217,54,2022,理科,工商管理,293,293,293,0,无,本科,管理学,工商管理类,普通类,本科二批,无,无
554,沈阳理工大学,217,54,2022,理科,环境工程,288,288,288,0,无,本科,工学,环境科学与工程类,普通类,本科二批,无,无
555,沈阳理工大学,217,54,2022,理科,会计学,285,285,285,0,无,本科,管理学,工商管理类,普通类,本科二批,无,无
556,沈阳理工大学,217,54,2022,理科,信息与计算科学,284,284,284,0,无,本科,理学,数学类,普通类,本科二批,无,无
557,沈阳理工大学,217,54,2022,理科,工业设计,282,282,282,0,无,本科,工学,机械类,普通类,本科二批,无,无
558,沈阳理工大学,217,54,2022,理科,俄语,281,281,281,0,无,本科,文学,外国语言文学类,普通类,本科二批,无,无
559,沈阳理工大学,217,54,2022,理科,安全工程,280,280,280,0,无,本科,工学,安全科学与工程类,普通类,本科二批,无,无
560,沈阳理工大学,217,54,2022,理科,应用化学,278,278,278,0,无,本科,理学,化学类,普通类,本科二批,无,无
561,沈阳理工大学,217,54,2022,理科,弹药工程与爆炸技术,278,278,278,0,无,本科,工学,兵器类,普通类,本科二批,无,无
562,沈阳理工大学,217,54,2022,理科,无机非金属材料工程,276,275,275,0,无,本科,工学,材料类,普通类,本科二批,无,无
563,潍坊医学院,553,54,2021,理科,临床医学,414,402,408,0,无,本科,医学,临床医学类,普通类,本科二批,无,无
564,潍坊医学院,553,54,2021,理科,口腔医学,413,399,406,0,无,本科,医学,口腔医学类,普通类,本科二批,无,无
565,潍坊医学院,553,54,2021,理科,麻醉学,398,397,397.50,0,无,本科,医学,临床医学类,普通类,本科二批,无,无
566,潍坊医学院,553,54,2021,理科,医学影像学,401,393,397,0,无,本科,医学,临床医学类,普通类,本科二批,无,无
567,潍坊医学院,553,54,2021,理科,眼视光学,383,322,352.50,0,无,本科,医学,医学技术类,普通类,本科二批,无,无
568,潍坊医学院,553,54,2021,理科,卫生检验与检疫,382,321,351.50,0,无,本科,医学,医学技术类,普通类,本科二批,无,无
569,潍坊医学院,553,54,2021,理科,预防医学,322,319,321,0,无,本科,医学,公共卫生与预防医学类,普通类,本科二批,无,无
570,潍坊医学院,553,54,2021,理科,护理学,317,315,315.70,0,无,本科,医学,护理学类,普通类,本科二批,无,无
571,潍坊医学院,553,54,2021,理科,劳动与社会保障,302,299,300.50,0,无,本科,管理学,公共管理类,普通类,本科二批,无,无
572,广东海洋大学,288,54,2021,理科,大气科学,384,371,377.50,0,无,本科,理学,大气科学类,普通类,本科二批,无,无
573,广东海洋大学,288,54,2021,理科,农学,349,301,325,0,无,本科,农学,植物生产类,普通类,本科二批,无,无
574,广东海洋大学,288,54,2021,理科,动物医学,297,297,297,0,无,本科,农学,动物医学类,普通类,本科二批,无,无
575,长沙学院,1029,54,2020,文科,新闻学,448,433,440.50,0,无,本科,文学,新闻传播学类,普通类,本科二批,无,无
576,长沙学院,1029,54,2021,文科,新闻学（汉族）,439,439,439,0,无,本科,文学,新闻传播学类,普通类,本科二批,无,无
577,长沙学院,1029,54,2021,文科,新闻学（少数民族）,318,318,318,0,无,本科,文学,新闻传播学类,普通类,本科二批,无,无
578,长沙学院,1029,54,2022,文科,新闻学,305,305,305,0,无,本科,文学,新闻传播学类,普通类,本科二批,无,无
579,海南医学院,512,54,2020,理科,临床医学学制五年,559,526,543,0,学制五年,本科,医学,临床医学类,普通类,本科一批,无,无
580,海南医学院,512,54,2020,理科,医学影像学学制五年,524,523,524,0,学制五年,本科,医学,临床医学类,普通类,本科一批,无,无
581,海南医学院,512,54,2020,理科,精神医学学制五年,518,357,438,0,学制五年,本科,医学,临床医学类,普通类,本科一批,无,无
582,海南医学院,512,54,2020,理科,儿科学学制五年,521,351,438,0,学制五年,本科,医学,临床医学类,普通类,本科一批,无,无
583,海南医学院,512,54,2020,理科,预防医学学制五年,519,341,389,0,学制五年,本科,医学,公共卫生与预防医学类,普通类,本科一批,无,无
584,海南医学院,512,54,2020,理科,护理学,357,340,350,0,无,本科,医学,护理学类,普通类,本科一批,无,无
585,海南医学院,512,54,2020,理科,医学检验技术,357,340,346,0,无,本科,医学,医学技术类,普通类,本科一批,无,无
586,海南医学院,512,54,2020,理科,护理学,495,495,495,0,无,本科,医学,护理学类,普通类,本科二批,无,无
587,海南医学院,512,54,2021,理科,临床医学,486,431,463,0,无,本科,医学,临床医学类,普通类,本科一批,无,无
588,海南医学院,512,54,2021,理科,医学影像学,428,424,425,0,无,本科,医学,临床医学类,普通类,本科一批,无,无
589,海南医学院,512,54,2021,理科,儿科学,454,368,416,0,无,本科,医学,临床医学类,普通类,本科一批,无,无
590,海南医学院,512,54,2021,理科,预防医学,370,350,357,0,无,本科,医学,公共卫生与预防医学类,普通类,本科一批,无,无
591,海南医学院,512,54,2021,理科,医学检验技术,369,345,353,0,无,本科,医学,医学技术类,普通类,本科一批,无,无
592,海南医学院,512,54,2021,理科,精神医学,418,344,381,0,无,本科,医学,临床医学类,普通类,本科一批,无,无
593,海南医学院,512,54,2021,理科,护理学,366,340,351,0,无,本科,医学,护理学类,普通类,本科一批,无,无
594,海南医学院,512,54,2022,理科,临床医学（汉族）,443,425,0,0,（汉族）,本科,医学,临床医学类,普通类,本科一批,无,无
595,海南医学院,512,54,2022,理科,医学影像学（少数民族）,361,353,0,0,（少数民族）,本科,医学,临床医学类,普通类,本科一批,无,无
596,海南医学院,512,54,2022,理科,临床医学（少数民族）,369,346,0,0,（少数民族）,本科,医学,临床医学类,普通类,本科一批,无,无
597,海南医学院,512,54,2022,理科,儿科学（少数民族）,341,334,0,0,（少数民族）,本科,医学,临床医学类,普通类,本科一批,无,无
598,海南医学院,512,54,2022,理科,医学检验技术（少数民族）,358,333,0,0,（少数民族）,本科,医学,医学技术类,普通类,本科一批,无,无
599,海南医学院,512,54,2022,理科,精神医学（少数民族）,345,320,0,0,（少数民族）,本科,医学,临床医学类,普通类,本科一批,无,无
600,海南医学院,512,54,2022,理科,预防医学（少数民族）,339,319,0,0,（少数民族）,本科,医学,公共卫生与预防医学类,普通类,本科一批,无,无
601,海南医学院,512,54,2022,理科,护理学（少数民族）,0,319,0,0,（少数民族）,本科,医学,护理学类,普通类,本科一批,无,无
602,海南医学院,512,54,2022,理科,健康服务与管理（少数民族）,330,310,0,0,（少数民族）,本科,管理学,公共管理类,普通类,本科一批,无,无
603,长春大学,377,54,2020,理科,金融工程,0,454,0,0,无,本科,经济学,金融学类,普通类,本科二批,无,无
604,长春大学,377,54,2020,理科,机械工程,0,437,0,0,无,本科,工学,机械类,普通类,本科二批,无,无
605,长春大学,377,54,2020,文科,公共事业管理,0,434,0,0,无,本科,管理学,公共管理类,普通类,本科二批,无,无
606,长春大学,377,54,2020,文科,特殊教育,0,430,0,0,无,本科,教育学,教育学类,普通类,本科二批,无,无
607,长春大学,377,54,2020,文科,旅游管理,0,428,0,0,无,本科,管理学,旅游管理类,普通类,本科二批,无,无
608,川北医学院,276,54,2020,理科,临床医学,568,535,547,0,无,本科,医学,临床医学类,普通类,本科一批,无,无
609,齐齐哈尔大学,424,54,2020,理科,生物科学（师范类）,426,402,414,0,无,本科,理学,生物科学类,普通类,本科二批,无,无
610,齐齐哈尔大学,424,54,2020,理科,工商管理类,414,394,404,0,无,本科,管理学,工商管理类,普通类,本科二批,无,无
611,齐齐哈尔大学,424,54,2020,理科,地理科学（师范类）,396,389,392,0,无,本科,理学,地理科学类,普通类,本科二批,无,无
612,齐齐哈尔大学,424,54,2020,理科,食品科学与工程类,415,376,393,0,无,本科,工学,食品科学与工程类,普通类,本科二批,无,无
613,齐齐哈尔大学,424,54,2020,理科,生物工程,414,367,382,0,无,本科,工学,生物工程类,普通类,本科二批,无,无
614,齐齐哈尔大学,424,54,2020,理科,园艺,426,297,348,0,无,本科,农学,植物生产类,普通类,本科二批,无,无
615,齐齐哈尔大学,424,54,2020,理科,生物技术,376,295,335,0,无,本科,理学,生物科学类,普通类,本科二批,无,无
616,齐齐哈尔大学,424,54,2020,理科,园林,374,295,314,0,无,本科,农学,林学类,普通类,本科二批,无,无
617,齐齐哈尔大学,424,54,2020,文科,思想政治教育（师范类）,422,349,385,0,无,本科,法学,马克思主义理论类,普通类,本科二批,无,无
618,齐齐哈尔大学,424,54,2020,文科,法学,434,343,416,0,无,本科,法学,法学类,普通类,本科二批,无,无
619,齐齐哈尔大学,424,54,2020,文科,工商管理类,420,340,380,0,无,本科,管理学,工商管理类,普通类,本科二批,无,无
620,齐齐哈尔大学,424,54,2020,文科,历史学（师范类）,433,338,385,0,无,本科,历史学,历史学类,普通类,本科二批,无,无
621,齐齐哈尔大学,424,54,2020,文科,广播电视学,343,337,340,0,无,本科,文学,新闻传播学类,普通类,本科二批,无,无
622,重庆三峡学院,198,54,2022,文科,民族学,337,313,320.80,0,无,本科,法学,民族学类,普通类,本科二批,无,无
623,中国劳动关系学院,579,54,2020,文科,政治学与行政学,471,471,471,0,无,本科,法学,政治学类,普通类,本科二批,无,无
624,中国劳动关系学院,579,54,2020,文科,新闻学,454,454,454,0,无,本科,文学,新闻传播学类,普通类,本科二批,无,无
625,怀化学院,416,54,2022,文科,小学教育,336,336,336,0,无,本科,教育学,教育学类,普通类,本科二批,无,无
626,怀化学院,416,54,2022,文科,学前教育,324,324,324,0,无,本科,教育学,教育学类,普通类,本科二批,无,无
627,云南民族大学,345,54,2020,理科,土木工程（内高班）,362,344,353,0,无,本科,工学,土木类,普通类,本科二批,无,无
628,云南民族大学,345,54,2020,理科,财务管理,474,322,398,0,无,本科,管理学,工商管理类,普通类,本科二批,无,无
629,云南民族大学,345,54,2020,文科,印地语,456,456,456,0,无,本科,文学,外国语言文学类,普通类,本科二批,无,无
630,云南民族大学,345,54,2020,文科,印地语（内高班）,370,365,367.50,0,无,本科,文学,外国语言文学类,普通类,本科二批,无,无
631,云南民族大学,345,54,2020,文科,法学,447,359,403,0,无,本科,法学,法学类,普通类,本科二批,无,无
632,云南民族大学,345,54,2020,文科,民族学（内高班）,351,351,351,0,无,本科,法学,民族学类,普通类,本科二批,无,无
633,内蒙古财经大学,529,54,2021,文科,财务管理,332,332,332,0,无,本科,管理学,工商管理类,普通类,本科二批,无,无
634,海南热带海洋学院,1249,54,2020,文科,应用心理学,436,417,426,0,无,本科,理学,心理学类,普通类,本科二批,无,无
635,海南热带海洋学院,1249,54,2020,文科,工商管理类,434,417,421,0,无,本科,管理学,工商管理类,普通类,本科二批,无,无
636,海南热带海洋学院,1249,54,2020,文科,中国语言文学类,445,416,429,0,无,本科,文学,中国语言文学类,普通类,本科二批,无,无
637,海南热带海洋学院,1249,54,2020,文科,新闻学,415,414,414,0,无,本科,文学,新闻传播学类,普通类,本科二批,无,无
638,海南热带海洋学院,1249,54,2020,文科,国际事务与国际关系,417,413,415,0,无,本科,法学,政治学类,普通类,本科二批,无,无
639,海南热带海洋学院,1249,54,2020,文科,电子商务,437,347,404,0,无,本科,管理学,电子商务类,普通类,本科二批,无,无
640,海南热带海洋学院,1249,54,2020,文科,学前教育,427,335,381,0,无,本科,教育学,教育学类,普通类,本科二批,无,无
641,海南热带海洋学院,1249,54,2020,文科,小学教育,335,335,335,0,无,本科,教育学,教育学类,普通类,本科二批,无,无
642,海南热带海洋学院,1249,54,2020,文科,社会工作,419,327,373,0,无,本科,法学,社会学类,普通类,本科二批,无,无
643,海南热带海洋学院,1249,54,2020,文科,旅游管理类,426,326,366,0,无,本科,管理学,旅游管理类,普通类,本科二批,无,无
644,海南热带海洋学院,1249,54,2020,文科,物流管理,416,325,369,0,无,本科,管理学,物流管理与工程类,普通类,本科二批,无,无
645,海南热带海洋学院,1249,54,2020,文科,历史学类,336,325,329,0,无,本科,历史学,历史学类,普通类,本科二批,无,无
646,海南热带海洋学院,1249,54,2021,文科,中国语言文学类,408,385,399.67,10000000,无,本科,文学,中国语言文学类,普通类,本科二批,无,无
647,海南热带海洋学院,1249,54,2021,文科,工商管理类,423,382,398,10000000,无,本科,管理学,工商管理类,普通类,本科二批,无,无
648,海南热带海洋学院,1249,54,2021,文科,历史学类,425,329,356.25,10000000,无,本科,历史学,历史学类,普通类,本科二批,无,无
649,海南热带海洋学院,1249,54,2021,文科,旅游管理类,382,324,343.67,10000000,无,本科,管理学,旅游管理类,普通类,本科二批,无,无
650,海南热带海洋学院,1249,54,2021,文科,物流管理,326,324,325,10000000,无,本科,管理学,物流管理与工程类,普通类,本科二批,无,无
651,海南热带海洋学院,1249,54,2021,文科,俄语,327,320,323.50,10000000,无,本科,文学,外国语言文学类,普通类,本科二批,无,无
652,海南热带海洋学院,1249,54,2021,理科,计算机类,367,284,318,10000000,无,本科,工学,计算机类,普通类,本科二批,无,无
653,海南热带海洋学院,1249,54,2021,理科,海洋资源与环境,319,283,295.25,10000000,无,本科,理学,海洋科学类,普通类,本科二批,无,无
654,海南热带海洋学院,1249,54,2021,理科,海洋科学类,349,279,309.75,10000000,无,本科,理学,海洋科学类,普通类,本科二批,无,无
655,海南热带海洋学院,1249,54,2021,理科,生物科学类,297,275,288,10000000,无,本科,理学,生物科学类,普通类,本科二批,无,无
656,海南热带海洋学院,1249,54,2021,理科,食品科学与工程类,345,273,296.75,10000000,无,本科,工学,食品科学与工程类,普通类,本科二批,无,无
657,海南热带海洋学院,1249,54,2022,文科,思想政治教育,389,363,376,0,无,本科,法学,马克思主义理论类,普通类,本科二批,无,无
658,海南热带海洋学院,1249,54,2022,文科,小学教育,0,341,361,0,无,本科,教育学,教育学类,普通类,本科二批,无,无
659,海南热带海洋学院,1249,54,2022,文科,旅游管理类,0,321,342.67,0,无,本科,管理学,旅游管理类,普通类,本科二批,无,无
660,海南热带海洋学院,1249,54,2022,文科,俄语,0,318,362,0,无,本科,文学,外国语言文学类,普通类,本科二批,无,无
661,海南热带海洋学院,1249,54,2022,文科,中国语言文学类,344,318,327,0,无,本科,文学,中国语言文学类,普通类,本科二批,无,无
662,海南热带海洋学院,1249,54,2022,文科,历史学类,354,317,327.75,0,无,本科,历史学,历史学类,普通类,本科二批,无,无
663,海南热带海洋学院,1249,54,2022,文科,新闻学,317,316,316.50,0,无,本科,文学,新闻传播学类,普通类,本科二批,无,无
664,海南热带海洋学院,1249,54,2022,文科,工商管理类,344,315,331.33,0,无,本科,管理学,工商管理类,普通类,本科二批,无,无
665,海南热带海洋学院,1249,54,2022,文科,物流管理,314,313,313.50,0,无,本科,管理学,物流管理与工程类,普通类,本科二批,无,无
666,海南热带海洋学院,1249,54,2022,理科,生物科学类,0,270,284.50,0,无,本科,理学,生物科学类,普通类,本科二批,无,无
667,海南热带海洋学院,1249,54,2022,理科,计算机类,282,270,275.80,0,无,本科,工学,计算机类,普通类,本科二批,无,无
668,海南热带海洋学院,1249,54,2022,理科,生态学,300,269,284.50,0,无,本科,理学,生物科学类,普通类,本科二批,无,无
669,海南热带海洋学院,1249,54,2022,理科,环境工程,306,269,281.67,0,无,本科,工学,环境科学与工程类,普通类,本科二批,无,无
670,海南热带海洋学院,1249,54,2022,理科,数字媒体技术,0,266,295.25,0,无,本科,工学,计算机类,普通类,本科二批,无,无
671,湖南人文科技学院,1070,54,2022,文科,汉语言文学,0,318,341.10,0,无,本科,文学,中国语言文学类,普通类,本科二批,无,无
672,邵阳学院,418,54,2021,文科,旅游管理,0,330,0,0,无,本科,管理学,旅游管理类,普通类,本科二批,无,无
673,邵阳学院,418,54,2022,文科,旅游管理,0,315,0,0,无,本科,管理学,旅游管理类,普通类,本科二批,无,无
674,安阳工学院,834,54,2020,理科,电子信息工程,0,394,0,0,无,本科,工学,电子信息类,普通类,本科二批,无,无
675,安阳工学院,834,54,2020,文科,电子商务,0,380,0,0,无,本科,管理学,电子商务类,普通类,本科二批,无,无
676,吉林农业科技学院,1014,54,2020,文科,中药学类,434,376,0,0,无,本科,医学,中药学类,普通类,本科二批,无,无
677,吉林农业科技学院,1014,54,2020,文科,财务管理,375,366,0,0,无,本科,管理学,工商管理类,普通类,本科二批,无,无
678,吉林农业科技学院,1014,54,2020,理科,食品质量与安全,340,332,0,0,无,本科,工学,食品科学与工程类,普通类,本科二批,无,无
679,吉林农业科技学院,1014,54,2020,理科,土木工程,342,302,0,0,无,本科,工学,土木类,普通类,本科二批,无,无
680,吉林农业科技学院,1014,54,2020,理科,动物医学,344,296,0,0,无,本科,农学,动物医学类,普通类,本科二批,无,无
681,琼台师范学院,1521,54,2021,理科,教育技术学（师范，内高班）,313,313,313,0,无,本科,教育学,教育学类,普通类,本科二批,无,无
682,琼台师范学院,1521,54,2021,理科,科学教育（师范，内高班）,311,311,311,0,无,本科,教育学,教育学类,普通类,本科二批,无,无
683,琼台师范学院,1521,54,2021,理科,教育技术学（师范）,325,306,315.50,0,无,本科,教育学,教育学类,普通类,本科二批,无,无
684,琼台师范学院,1521,54,2021,理科,数学与应用数学（师范）,301,297,299,0,无,本科,理学,数学类,普通类,本科二批,无,无
685,琼台师范学院,1521,54,2021,理科,科学教育（师范）,338,296,308.50,0,无,本科,教育学,教育学类,普通类,本科二批,无,无
686,琼台师范学院,1521,54,2021,理科,计算机科学与技术,352,293,311,0,无,本科,工学,计算机类,普通类,本科二批,无,无
687,琼台师范学院,1521,54,2021,理科,数据科学与大数据技术,293,293,293,0,无,本科,工学,计算机类,普通类,本科二批,无,无
688,琼台师范学院,1521,54,2021,理科,生物科学,293,291,292,0,无,本科,理学,生物科学类,普通类,本科二批,无,无
689,琼台师范学院,1521,54,2021,理科,财务管理,305,290,296.20,0,无,本科,管理学,工商管理类,普通类,本科二批,无,无
690,琼台师范学院,1521,54,2021,理科,软件工程,295,290,292.50,0,无,本科,工学,计算机类,普通类,本科二批,无,无
691,琼台师范学院,1521,54,2021,文科,网络与新媒体,424,387,405.50,0,无,本科,文学,新闻传播学类,普通类,本科二批,无,无
692,琼台师范学院,1521,54,2021,文科,英语（师范）,425,367,396,0,无,本科,文学,外国语言文学类,普通类,本科二批,无,无
693,琼台师范学院,1521,54,2021,文科,学前教育（师范）,394,335,347.50,0,无,本科,教育学,教育学类,普通类,本科二批,无,无
694,琼台师范学院,1521,54,2021,文科,汉语言文学（师范）,424,334,386.80,0,无,本科,文学,中国语言文学类,普通类,本科二批,无,无
695,琼台师范学院,1521,54,2021,文科,小学教育（师范）,389,334,351,0,无,本科,教育学,教育学类,普通类,本科二批,无,无
696,琼台师范学院,1521,54,2021,文科,酒店管理,366,333,349.50,0,无,本科,管理学,旅游管理类,普通类,本科二批,无,无
697,琼台师范学院,1521,54,2021,文科,思想政治教育,335,333,334,0,无,本科,法学,马克思主义理论类,普通类,本科二批,无,无
698,琼台师范学院,1521,54,2021,文科,学前教育（师范，内高班）,333,322,327.50,0,无,本科,教育学,教育学类,普通类,本科二批,无,无
699,琼台师范学院,1521,54,2021,文科,教育技术学（师范，内高班）,320,320,320,0,无,本科,教育学,教育学类,普通类,本科二批,无,无
700,琼台师范学院,1521,54,2021,文科,早期教育（师范）,313,312,312.50,0,无,专科（高职）,教育与体育大类,教育类,普通类,专科批,无,无
701,琼台师范学院,1521,54,2021,文科,应用俄语,310,307,308.50,0,无,专科（高职）,教育与体育大类,语言类,普通类,专科批,无,无
702,琼台师范学院,1521,54,2022,其他类,体育教育（师范）（最低分展示为综合分，最低专业分为：70）,0,70,72.50,0,（最低分展示为综合分，最低专业分为：70）,本科,教育学,体育学类,普通类,本科提前批,无,无
703,琼台师范学院,1521,54,2022,其他类,休闲体育（最低分展示为综合分，最低专业分为：70）,0,70,71,0,（最低分展示为综合分，最低专业分为：70）,本科,教育学,体育学类,普通类,本科提前批,无,无
704,琼台师范学院,1521,54,2022,理科,教育技术学（师范）（西藏内高班）,0,338,338,0,无,本科,教育学,教育学类,西藏内高班,本科二批,无,无
705,琼台师范学院,1521,54,2022,理科,科学教育（师范）（西藏内高班）,0,320,335.75,0,无,本科,教育学,教育学类,西藏内高班,本科二批,无,无
706,琼台师范学院,1521,54,2022,理科,小学教育（师范）,0,309,309.50,0,无,本科,教育学,教育学类,普通类,本科二批,无,无
707,琼台师范学院,1521,54,2022,理科,学前教育（师范）,0,306,306.50,0,无,本科,教育学,教育学类,普通类,本科二批,无,无
708,琼台师范学院,1521,54,2022,理科,教育技术学（师范）,0,298,303,0,无,本科,教育学,教育学类,普通类,本科二批,无,无
709,琼台师范学院,1521,54,2022,理科,计算机科学与技术,0,288,300.50,0,无,本科,工学,计算机类,普通类,本科二批,无,无
710,琼台师范学院,1521,54,2022,理科,科学教育（师范）,0,288,290.80,0,无,本科,教育学,教育学类,普通类,本科二批,无,无
711,琼台师范学院,1521,54,2022,理科,财务管理,0,285,286.20,0,无,本科,管理学,工商管理类,普通类,本科二批,无,无
712,琼台师范学院,1521,54,2022,理科,数学与应用数学（师范）,0,284,291.75,0,无,本科,理学,数学类,普通类,本科二批,无,无
713,琼台师范学院,1521,54,2022,文科,思想政治教育,0,331,332,0,无,本科,法学,马克思主义理论类,普通类,本科二批,无,无
714,琼台师范学院,1521,54,2022,文科,学前教育（师范）,0,329,333.50,0,无,本科,教育学,教育学类,普通类,本科二批,无,无
715,琼台师范学院,1521,54,2022,文科,小学教育（师范）,0,327,327.50,0,无,本科,教育学,教育学类,普通类,本科二批,无,无
716,琼台师范学院,1521,54,2022,文科,英语（师范）,0,326,331.75,0,无,本科,文学,外国语言文学类,普通类,本科二批,无,无
717,琼台师范学院,1521,54,2022,文科,汉语言文学（师范）,0,324,333.13,0,无,本科,文学,中国语言文学类,普通类,本科二批,无,无
718,琼台师范学院,1521,54,2022,文科,特殊教育（师范）,0,323,326.50,0,无,本科,教育学,教育学类,普通类,本科二批,无,无
719,琼台师范学院,1521,54,2022,文科,网络与新媒体,0,314,322.50,0,无,本科,文学,新闻传播学类,普通类,本科二批,无,无
720,琼台师范学院,1521,54,2022,文科,酒店管理,0,312,317.50,0,无,本科,管理学,旅游管理类,普通类,本科二批,无,无
721,南京警察学院,1139,54,2020,理科,侦查学（定向海关缉私部门就业（聂拉木））,344,344,344,0,无,本科,法学,公安学类,普通类,本科提前批,无,无
722,南京警察学院,1139,54,2020,理科,刑事科学技术（面向地方公安机关就业）,518,340,441.40,0,无,本科,工学,公安技术类,普通类,本科提前批,无,无
723,南京警察学院,1139,54,2020,理科,治安学（面向地方公安机关就业）,0,316,425.60,0,无,本科,法学,公安学类,普通类,本科提前批,无,无
724,南京警察学院,1139,54,2020,文科,治安学（面向地方公安机关就业）,516,362,466.50,0,无,本科,法学,公安学类,普通类,本科提前批,无,无
725,湖南女子学院,1995,54,2022,文科,社会工作,0,310,310.50,0,无,本科,法学,社会学类,普通类,本科二批,无,无
726,湖南医药学院,1987,54,2021,理科,药学,313,313,0,0,无,本科,医学,药学类,普通类,本科二批,无,无
727,湖南医药学院,1987,54,2021,理科,医学影像技术,308,308,0,0,无,本科,医学,医学技术类,普通类,本科二批,无,无
728,三亚学院,1329,54,2021,文科,法学,354,354,354,0,无,本科,法学,法学类,普通类,本科二批,无,无
729,三亚学院,1329,54,2021,文科,法学（自贸港法律）,349,349,349,0,无,本科,法学,法学类,普通类,本科二批,无,无
730,三亚学院,1329,54,2021,文科,会计学,367,336,351,0,无,本科,管理学,工商管理类,普通类,本科二批,无,无
731,三亚学院,1329,54,2021,文科,经济与金融,336,326,329,0,无,本科,经济学,金融学类,普通类,本科二批,无,无
732,西南财经大学天府学院,2502,54,2022,理科,会计学,0,265,0,0,无,本科,管理学,工商管理类,普通类,本科二批,无,无
733,西南财经大学天府学院,2502,54,2022,理科,金融学,0,265,0,0,无,本科,经济学,金融学类,普通类,本科二批,无,无
734,西南财经大学天府学院,2502,54,2022,文科,金融学,0,310,0,0,无,本科,经济学,金融学类,普通类,本科二批,无,无
735,西南财经大学天府学院,2502,54,2022,文科,会计学,0,307,0,0,无,本科,管理学,工商管理类,普通类,本科二批,无,无
736,四川中医药高等专科学校,2082,54,2020,文科,针灸推拿,0,313,0,0,无,专科（高职）,医药卫生大类,中医药类,普通类,专科批,无,无
737,四川中医药高等专科学校,2082,54,2020,文科,护理,0,286,0,0,无,专科（高职）,医药卫生大类,护理类,普通类,专科批,无,无
738,四川中医药高等专科学校,2082,54,2020,理科,护理,0,288,0,0,无,专科（高职）,医药卫生大类,护理类,普通类,专科批,无,无
739,四川中医药高等专科学校,2082,54,2020,理科,临床医学,0,280,0,0,无,专科（高职）,医药卫生大类,临床医学类,普通类,专科批,无,无
740,四川中医药高等专科学校,2082,54,2020,理科,药学,0,239,0,0,无,专科（高职）,医药卫生大类,药学类,普通类,专科批,无,无
741,四川中医药高等专科学校,2082,54,2020,理科,针灸推拿,0,225,0,0,无,专科（高职）,医药卫生大类,中医药类,普通类,专科批,无,无
742,昆明医科大学海源学院,1277,54,2022,理科,口腔医学,296,271,0,0,无,本科,医学,口腔医学类,普通类,本科二批,无,无
743,昆明医科大学海源学院,1277,54,2022,理科,临床医学,273,269,0,0,无,本科,医学,临床医学类,普通类,本科二批,无,无
744,重庆三峡医药高等专科学校,1495,54,2020,理科,医学检验技术,0,284,0,0,无,专科（高职）,医药卫生大类,医学技术类,普通类,专科批,无,无
745,重庆三峡医药高等专科学校,1495,54,2020,理科,医学影像技术,0,259,0,0,无,专科（高职）,医药卫生大类,医学技术类,普通类,专科批,无,无
746,重庆三峡医药高等专科学校,1495,54,2020,理科,临床医学,0,251,0,0,无,专科（高职）,医药卫生大类,临床医学类,普通类,专科批,无,无
747,重庆三峡医药高等专科学校,1495,54,2020,理科,护理,0,230,0,0,无,专科（高职）,医药卫生大类,护理类,普通类,专科批,无,无
748,四川建筑职业技术学院,793,54,2020,理科,建筑工程技术,288,261,0,0,无,专科（高职）,土木建筑大类,土建施工类,普通类,专科批,无,无
749,四川建筑职业技术学院,793,54,2020,理科,建筑设备工程技术,259,238,0,0,无,专科（高职）,土木建筑大类,建筑设备类,普通类,专科批,无,无
750,四川建筑职业技术学院,793,54,2020,文科,工程造价,330,295,0,0,无,专科（高职）,土木建筑大类,建设工程管理类,普通类,专科批,无,无
751,四川建筑职业技术学院,793,54,2020,文科,建筑经济管理,289,270,0,0,无,专科（高职）,土木建筑大类,建设工程管理类,普通类,专科批,无,无
752,重庆财经职业学院,1483,54,2020,理科,计算机应用技术,287,283,285,0,无,专科（高职）,电子与信息大类,计算机类,普通类,专科批,无,无
753,重庆财经职业学院,1483,54,2020,理科,会计,285,263,271,0,无,专科（高职）,财经商贸大类,财务会计类,普通类,专科批,无,无
754,重庆财经职业学院,1483,54,2020,理科,大数据技术与应用,274,253,263,0,无,专科（高职）,电子与信息大类,计算机类,普通类,专科批,无,无
755,重庆财经职业学院,1483,54,2020,文科,市场营销,317,306,311,0,无,专科（高职）,财经商贸大类,工商管理类,普通类,专科批,无,无
756,重庆财经职业学院,1483,54,2020,文科,电子商务,298,298,298,0,无,专科（高职）,财经商贸大类,电子商务类,普通类,专科批,无,无
757,重庆财经职业学院,1483,54,2020,文科,会计,328,291,313,0,无,专科（高职）,财经商贸大类,财务会计类,普通类,专科批,无,无
758,山西传媒学院,2862,54,2020,文科,网络与新媒体,432,414,421,0,无,本科,文学,新闻传播学类,普通类,本科二批,无,无
759,山西传媒学院,2862,54,2020,文科,广告学,424,329,377,0,无,本科,文学,新闻传播学类,普通类,本科二批,无,无
760,山西传媒学院,2862,54,2020,理科,数字媒体技术,418,411,415,0,无,本科,工学,计算机类,普通类,本科二批,无,无
761,山西传媒学院,2862,54,2020,理科,影视摄影与制作,413,310,375,0,无,本科,艺术学,戏剧与影视学类,普通类,本科二批,无,无
762,山西传媒学院,2862,54,2021,文科,网络与新媒体,405,394,0,0,无,本科,文学,新闻传播学类,普通类,本科二批,无,无
763,山西传媒学院,2862,54,2021,文科,数字出版,0,325,0,0,无,本科,文学,新闻传播学类,普通类,本科二批,无,无
764,山西传媒学院,2862,54,2021,文科,广告学,329,320,0,0,无,本科,文学,新闻传播学类,普通类,本科二批,无,无
765,山西传媒学院,2862,54,2021,理科,影视摄影与制作,0,327,0,0,无,本科,艺术学,戏剧与影视学类,普通类,本科二批,无,无
766,山西传媒学院,2862,54,2021,理科,数字媒体技术,0,285,0,0,无,本科,工学,计算机类,普通类,本科二批,无,无
767,山西传媒学院,2862,54,2022,理科,数字媒体技术,284,279,0,0,无,本科,工学,计算机类,普通类,本科二批,无,无
768,山西传媒学院,2862,54,2022,理科,影视摄影与制作,274,266,0,0,无,本科,艺术学,戏剧与影视学类,普通类,本科二批,无,无
769,山西传媒学院,2862,54,2022,文科,网络与新媒体,0,325,0,0,无,本科,文学,新闻传播学类,普通类,本科二批,无,无
770,山西传媒学院,2862,54,2022,文科,广告学,322,306,0,0,无,本科,文学,新闻传播学类,普通类,本科二批,无,无
771,中南林业科技大学涉外学院,1133,54,2021,文科,市场营销,328,328,328,0,无,本科,管理学,工商管理类,普通类,本科二批,无,无
772,中南林业科技大学涉外学院,1133,54,2021,文科,旅游管理,318,318,318,0,无,本科,管理学,旅游管理类,普通类,本科二批,无,无
773,郑州旅游职业学院,1334,54,2022,文科,酒店管理与数字化运营,0,247,247,0,无,专科（高职）,旅游大类,旅游类,普通类,专科批,无,无
774,重庆工商职业学院,1496,54,2022,文科,计算机类,288,263,0,0,无,专科（高职）,电子与信息大类,计算机类,普通类,专科批,无,无
775,重庆工商职业学院,1496,54,2022,理科,市场营销,249,249,0,0,无,专科（高职）,财经商贸大类,工商管理类,普通类,专科批,无,无
776,重庆工商职业学院,1496,54,2022,理科,计算机类,241,237,0,0,无,专科（高职）,电子与信息大类,计算机类,普通类,专科批,无,无
777,重庆工商职业学院,1496,54,2022,理科,电子商务,240,234,0,0,无,专科（高职）,财经商贸大类,电子商务类,普通类,专科批,无,无
778,四川电力职业技术学院,779,54,2020,理科,发电厂及电力系统,320,277,296,0,无,专科（高职）,能源动力与材料大类,电力技术类,普通类,专科批,无,无
779,海南软件职业技术学院,1390,54,2020,理科,跨境电子商务学费5700,0,277,0,0,学费5700,专科（高职）,财经商贸大类,电子商务类,普通类,专科批,无,无
780,海南软件职业技术学院,1390,54,2020,理科,工业机器人技术学费5700,0,275,0,0,学费5700,专科（高职）,装备制造大类,自动化类,普通类,专科批,无,无
781,海南软件职业技术学院,1390,54,2020,理科,音乐制作学费5700,0,238,0,0,学费5700,专科（高职）,文化艺术大类,表演艺术类,普通类,专科批,无,无
782,海南软件职业技术学院,1390,54,2020,理科,电子信息工程技术学费5700,0,231,0,0,学费5700,专科（高职）,电子与信息大类,电子信息类,普通类,专科批,无,无
783,海南软件职业技术学院,1390,54,2020,理科,软件技术学费5700,0,144,0,0,学费5700,专科（高职）,电子与信息大类,计算机类,普通类,专科批,无,无
784,海南软件职业技术学院,1390,54,2020,文科,计算机网络技术学费5700,0,255,0,0,学费5700,专科（高职）,电子与信息大类,计算机类,普通类,专科批,无,无
785,海南软件职业技术学院,1390,54,2020,文科,会计学费5700,0,243,0,0,学费5700,专科（高职）,财经商贸大类,财务会计类,普通类,专科批,无,无
786,福州工商学院,1891,54,2020,理科,会计学,352,326,337,0,无,本科,管理学,工商管理类,普通类,本科二批,无,无
787,河北轨道运输职业技术学院,2858,54,2021,文科,铁道交通运营管理,301,301,0,0,无,专科（高职）,交通运输大类,铁道运输类,普通类,专科批,无,无
788,河北轨道运输职业技术学院,2858,54,2021,文科,铁道机车运用与维护,298,298,0,0,无,专科（高职）,交通运输大类,铁道运输类,普通类,专科批,无,无
789,河北轨道运输职业技术学院,2858,54,2021,文科,铁道养路机械应用技术,304,288,0,0,无,专科（高职）,交通运输大类,铁道运输类,普通类,专科批,无,无
790,河北轨道运输职业技术学院,2858,54,2021,理科,铁道养路机械应用技术,261,261,0,0,无,专科（高职）,交通运输大类,铁道运输类,普通类,专科批,无,无
791,河北轨道运输职业技术学院,2858,54,2021,理科,铁道机车运用与维护,251,245,0,0,无,专科（高职）,交通运输大类,铁道运输类,普通类,专科批,无,无
792,河北轨道运输职业技术学院,2858,54,2021,理科,铁道交通运营管理,234,231,0,0,无,专科（高职）,交通运输大类,铁道运输类,普通类,专科批,无,无
793,海南经贸职业技术学院,1404,54,2021,理科,计算机网络技术,246,210,228,0,无,专科（高职）,电子与信息大类,计算机类,普通类,专科批,无,无
794,海南经贸职业技术学院,1404,54,2021,文科,大数据与财务管理,290,234,262,0,无,专科（高职）,财经商贸大类,财务会计类,普通类,专科批,无,无
795,哈尔滨剑桥学院,2533,54,2021,理科,小学教育,276,276,0,0,无,本科,教育学,教育学类,普通类,本科二批,无,无
796,重庆幼儿师范高等专科学校,3062,54,2020,文科,学前教育（内地西藏班）,399,389,0,0,无,专科（高职）,教育与体育大类,教育类,普通类,专科批,无,无
797,重庆幼儿师范高等专科学校,3062,54,2020,理科,早期教育（内地西藏班）,314,312,0,0,无,专科（高职）,教育与体育大类,教育类,普通类,专科批,无,无
798,重庆幼儿师范高等专科学校,3062,54,2020,理科,美术教育（内地西藏班）,314,309,0,0,无,专科（高职）,教育与体育大类,教育类,普通类,专科批,无,无
799,海南政法职业学院,2290,54,2020,文科,治安管理,330,330,0,0,无,专科（高职）,公安与司法大类,公安管理类,普通类,专科批,无,无
800,海南政法职业学院,2290,54,2020,理科,治安管理,266,266,0,0,无,专科（高职）,公安与司法大类,公安管理类,普通类,专科批,无,无
801,海南政法职业学院,2290,54,2021,文科,法律事务,308,308,308,0,无,专科（高职）,公安与司法大类,法律实务类,普通类,专科批,无,无
802,海南政法职业学院,2290,54,2021,文科,治安管理,300,300,300,0,无,专科（高职）,公安与司法大类,公安管理类,普通类,专科批,无,无
803,海南政法职业学院,2290,54,2021,理科,法律事务,263,263,263,0,无,专科（高职）,公安与司法大类,法律实务类,普通类,专科批,无,无
804,海南政法职业学院,2290,54,2021,理科,治安管理,240,240,240,0,无,专科（高职）,公安与司法大类,公安管理类,普通类,专科批,无,无
805,海南政法职业学院,2290,54,2022,文科,法律事务,294,294,294,0,无,专科（高职）,公安与司法大类,法律实务类,普通类,专科批,无,无
806,海南政法职业学院,2290,54,2022,文科,治安管理,261,261,261,0,无,专科（高职）,公安与司法大类,公安管理类,普通类,专科批,无,无
807,海南政法职业学院,2290,54,2022,理科,法律事务,236,236,236,0,无,专科（高职）,公安与司法大类,法律实务类,普通类,专科批,无,无
808,海南政法职业学院,2290,54,2022,理科,治安管理,223,223,223,0,无,专科（高职）,公安与司法大类,公安管理类,普通类,专科批,无,无
809,安徽城市管理职业学院,1830,54,2021,文科,金融服务与管理（内高班）,336,323,0,0,（内高班）,专科（高职）,财经商贸大类,金融类,普通类,专科批,无,无
810,安徽城市管理职业学院,1830,54,2021,文科,护理,308,286,0,0,无,专科（高职）,医药卫生大类,护理类,普通类,专科批,无,无
811,安徽城市管理职业学院,1830,54,2021,文科,学前教育,303,284,0,0,无,专科（高职）,教育与体育大类,教育类,普通类,专科批,无,无
812,安徽城市管理职业学院,1830,54,2021,文科,早期教育（内高班）,270,270,0,0,（内高班）,专科（高职）,教育与体育大类,教育类,普通类,专科批,无,无
813,安徽城市管理职业学院,1830,54,2021,理科,护理,274,260,0,0,无,专科（高职）,医药卫生大类,护理类,普通类,专科批,无,无
814,安徽城市管理职业学院,1830,54,2021,理科,学前教育,272,259,0,0,无,专科（高职）,教育与体育大类,教育类,普通类,专科批,无,无
815,安徽城市管理职业学院,1830,54,2021,理科,连锁经营与管理（内高班）,280,259,0,0,（内高班）,专科（高职）,财经商贸大类,工商管理类,普通类,专科批,无,无
816,复旦大学上海医学院,3427,54,2021,理科,临床医学（8年制）,0,668,0,0,无,本科,医学,临床医学类,普通类,本科一批,无,无
817,海南卫生健康职业学院,3485,54,2022,文科,护理,258,258,258,0,无,专科（高职）,医药卫生大类,护理类,普通类,专科批,无,无
818,海南健康管理职业技术学院,3279,54,2020,理科,护理,241,238,239.50,0,无,专科（高职）,医药卫生大类,护理类,普通类,专科批,无,无
819,海南健康管理职业技术学院,3279,54,2020,文科,健康管理,243,242,242.50,0,无,专科（高职）,医药卫生大类,健康管理与促进类,普通类,专科批,无,无
820,海南健康管理职业技术学院,3279,54,2020,文科,护理,266,226,246,0,无,专科（高职）,医药卫生大类,护理类,普通类,专科批,无,无
